GeoFIPS,GeoName,Region,TableName,LineCode,IndustryClassification,Description,Unit,1997,1998,1999,2000,2001,2002,2003,2004,2005,2006,2007,2008,2009,2010,2011,2012,2013,2014,2015,2016,2017,2018,2019,2020,2021,2022
 "41000","Oregon",8,SAPCE4,1,"...","Personal consumption expenditures ","Millions of current dollars",66873.5,70845.4,75719.2,80982.4,83983.4,87318.4,91577.9,98004.1,104708.7,111706.8,117601.9,120210.4,117906.7,121721.3,126457.0,129665.9,133614.5,140520.0,148092.8,154955.2,164616.9,174082.3,180343.0,179459.0,202810.3,221162.1
 "41000","Oregon",8,SAPCE4,2,"..."," Household consumption expenditures ","Millions of current dollars",65577.6,69286.3,74061.2,78951.4,81848.4,84956.3,89128.9,95489.1,102312.7,108974.7,114775.9,116899.9,114424.8,118067.9,122448.8,125257.7,129111.1,135852.2,143234.0,149755.8,159287.3,168501.4,174955.1,172858.8,196314.4,213675.9
 "41000","Oregon",8,SAPCE4,3,"...","  Food and beverages purchased for off-premises consumption ","Millions of current dollars",6352.5,6574.0,6853.8,7209.4,7568.0,7859.1,8293.4,9011.4,9494.3,10252.6,10930.0,11257.0,11124.3,11272.6,11716.9,12047.5,12417.4,13038.2,13568.6,13740.4,14224.1,14810.5,15486.4,17429.1,18751.5,20284.5
 "41000","Oregon",8,SAPCE4,4,"...","   Food and nonalcoholic beverages purchased for off-premises consumption ","Millions of current dollars",5419.3,5580.0,5810.1,6053.0,6339.5,6562.9,6952.5,7584.7,8014.0,8637.4,9231.2,9579.0,9476.2,9566.6,9982.9,10263.7,10583.2,11079.3,11464.6,11555.4,11925.3,12373.3,12916.2,14403.8,15465.9,16795.0
 "41000","Oregon",8,SAPCE4,5,"...","   Alcoholic beverages purchased for off-premises consumption ","Millions of current dollars",921.1,983.3,1034.2,1148.3,1222.1,1290.3,1334.4,1418.7,1470.7,1604.7,1689.0,1671.3,1642.1,1699.6,1727.4,1773.3,1824.0,1947.0,2096.6,2178.3,2289.9,2429.8,2561.3,3017.2,3275.7,3480.9
 "41000","Oregon",8,SAPCE4,6,"...","   Food produced and consumed on farms ","Millions of current dollars",12.1,10.8,9.5,8.2,6.4,5.9,6.6,8.1,9.6,10.5,9.8,6.6,6.0,6.4,6.6,10.5,10.2,11.9,7.5,6.7,8.9,7.3,8.9,8.0,9.9,8.6
 "41000","Oregon",8,SAPCE4,7,"...","  Clothing, footwear, and related services ","Millions of current dollars",3127.3,3206.4,3336.7,3367.0,3350.7,3356.7,3342.0,3564.9,3792.9,4035.6,3988.2,3818.3,3661.7,3829.7,4033.2,4196.1,4330.2,4531.0,4690.4,4800.3,5034.3,5220.3,5360.1,4934.9,6496.9,7142.1
 "41000","Oregon",8,SAPCE4,8,"...","   Clothing ","Millions of current dollars",2627.3,2688.1,2776.5,2831.0,2812.1,2818.3,2796.6,2976.7,3138.1,3309.3,3255.0,3107.2,2974.2,3101.2,3253.2,3374.1,3463.1,3611.2,3718.7,3779.7,3960.5,4095.2,4193.2,3823.8,4992.2,5505.8
 "41000","Oregon",8,SAPCE4,9,"...","    Garments ","Millions of current dollars",2427.5,2479.2,2553.9,2599.1,2578.9,2585.6,2562.9,2741.0,2901.9,3070.6,3017.3,2875.4,2753.1,2878.4,3037.0,3161.9,3256.0,3398.6,3505.8,3568.5,3738.3,3862.6,3955.8,3615.7,4771.9,5276.7
 "41000","Oregon",8,SAPCE4,10,"...","     Women's and girls' clothing ","Millions of current dollars",1375.2,1412.4,1467.1,1514.5,1518.1,1529.4,1523.2,1643.2,1751.9,1866.2,1842.1,1732.6,1655.0,1733.2,1831.7,1911.6,1949.4,2018.3,2063.8,2087.1,2177.1,2266.0,2325.0,2168.6,2933.9,3279.4
 "41000","Oregon",8,SAPCE4,11,"...","     Men's and boys' clothing ","Millions of current dollars",952.1,962.8,970.3,968.5,940.3,931.8,911.0,954.0,991.9,1027.9,991.3,953.7,914.6,957.0,1015.5,1063.7,1109.1,1170.8,1220.8,1252.7,1319.4,1356.3,1388.3,1219.5,1557.2,1694.5
 "41000","Oregon",8,SAPCE4,12,"...","     Children's and infants' clothing ","Millions of current dollars",100.1,104.1,116.6,116.1,120.5,124.4,128.7,143.7,158.2,176.5,183.9,189.1,183.5,188.2,189.9,186.5,197.5,209.6,221.1,228.6,241.8,240.3,242.4,227.6,280.8,302.8
 "41000","Oregon",8,SAPCE4,13,"...","    Other clothing materials ","Millions of current dollars",62.5,65.7,74.0,80.0,83.0,91.2,88.7,87.3,82.9,78.7,73.1,71.2,69.5,72.1,74.4,74.3,69.0,67.9,65.4,59.9,61.7,65.1,63.7,67.3,68.6,69.9
 "41000","Oregon",8,SAPCE4,14,"...","    Cleaning, repair, and rental of clothing ","Millions of current dollars",137.3,143.2,148.5,152.0,150.1,141.5,145.0,148.4,153.2,160.1,164.6,160.6,151.7,150.8,141.8,137.9,138.1,144.8,147.5,151.3,160.5,167.6,173.7,140.8,151.7,159.2
 "41000","Oregon",8,SAPCE4,15,"...","     Laundry and dry cleaning services ","Millions of current dollars",69.9,73.0,77.4,81.2,81.0,79.6,80.9,82.3,84.3,89.2,91.4,87.9,83.7,83.0,81.5,80.2,81.7,86.8,87.8,89.2,94.7,98.4,99.4,81.0,86.2,90.9
 "41000","Oregon",8,SAPCE4,16,"...","     Clothing repair, rental, and alterations ","Millions of current dollars",67.4,70.2,71.1,70.7,69.1,61.9,64.2,66.1,68.9,70.9,73.2,72.6,68.0,67.8,60.3,57.7,56.4,58.0,59.7,62.1,65.8,69.2,74.3,59.9,65.5,68.3
 "41000","Oregon",8,SAPCE4,17,"...","   Footwear ","Millions of current dollars",500.0,518.3,560.2,536.0,538.7,538.4,545.4,588.2,654.9,726.2,733.3,711.1,687.5,728.4,780.0,822.0,867.1,919.8,971.7,1020.6,1073.8,1125.1,1166.9,1111.1,1504.7,1636.3
 "41000","Oregon",8,SAPCE4,18,"...","  Housing, utilities, and fuels ","Millions of current dollars",12433.6,13112.0,13818.7,14779.8,15805.8,16547.6,17217.4,18240.0,19424.2,20548.4,21902.3,23214.9,23953.9,24360.3,24987.1,25385.9,25947.9,26806.1,28037.3,29366.2,31729.7,33405.3,34669.2,35895.9,37369.1,39862.9
 "41000","Oregon",8,SAPCE4,19,"...","   Housing ","Millions of current dollars",10485.4,11167.7,11832.5,12625.3,13541.3,14076.2,14623.0,15451.8,16490.9,17437.1,18501.0,19525.4,20344.5,20723.6,21247.9,21619.6,22009.6,22793.5,24164.5,25347.3,27247.1,28740.4,30029.6,31137.1,32360.7,34001.8
 "41000","Oregon",8,SAPCE4,20,"...","    Rental of tenant-occupied nonfarm housing ","Millions of current dollars",2721.2,2856.7,2983.7,3116.5,3312.0,3393.5,3446.5,3618.7,3834.9,3939.8,4212.6,4413.4,4864.9,5055.2,5408.4,5432.2,5673.9,5911.1,6056.3,6513.6,6634.3,7136.9,7480.6,7965.2,8153.8,8565.2
 "41000","Oregon",8,SAPCE4,21,"...","    Imputed rental of owner-occupied nonfarm housing ","Millions of current dollars",7430.3,7961.5,8489.8,9081.2,9794.4,10245.3,10734.5,11343.8,12172.5,12893.5,13717.9,14511.2,14920.3,15141.8,15224.4,15641.2,15815.3,16286.0,17525.5,18234.8,19917.0,20720.9,21769.5,22487.8,23531.8,24836.6
 "41000","Oregon",8,SAPCE4,22,"...","    Rental value of farm dwellings ","Millions of current dollars",323.6,339.0,349.5,418.9,426.5,429.0,432.1,479.1,475.0,594.5,560.5,590.3,547.4,513.2,599.4,528.2,498.3,567.6,559.7,570.9,666.2,854.7,757.3,665.2,656.7,582.0
 "41000","Oregon",8,SAPCE4,23,"...","    Group housing ","Millions of current dollars",10.3,10.6,9.6,8.7,8.3,8.4,9.9,10.2,8.6,9.3,10.0,10.5,11.8,13.4,15.7,17.9,22.0,28.8,23.0,28.0,29.5,28.0,22.2,18.9,18.4,17.9
 "41000","Oregon",8,SAPCE4,24,"...","   Household utilities and fuels ","Millions of current dollars",1948.2,1944.2,1986.2,2154.5,2264.6,2471.4,2594.5,2788.3,2933.2,3111.3,3401.3,3689.5,3609.4,3636.8,3739.1,3766.3,3938.3,4012.6,3872.7,4018.9,4482.6,4664.9,4639.5,4758.8,5008.3,5861.1
 "41000","Oregon",8,SAPCE4,25,"...","    Water supply and sanitation ","Millions of current dollars",566.9,596.0,628.9,650.3,675.9,746.5,756.3,807.8,860.6,939.5,953.1,1027.5,1077.4,1160.2,1186.1,1247.1,1327.3,1352.6,1387.6,1473.8,1602.4,1721.0,1798.7,1847.7,1928.7,2102.0
 "41000","Oregon",8,SAPCE4,26,"...","    Electricity, gas, and other fuels ","Millions of current dollars",1381.4,1348.2,1357.2,1504.2,1588.7,1724.9,1838.1,1980.5,2072.6,2171.9,2448.2,2662.0,2532.1,2476.6,2553.0,2519.3,2611.0,2660.0,2485.1,2545.1,2880.2,2943.9,2840.8,2911.1,3079.7,3759.1
 "41000","Oregon",8,SAPCE4,27,"...","     Electricity ","Millions of current dollars",912.5,941.8,943.9,991.2,1042.6,1139.5,1228.2,1297.8,1304.4,1372.2,1516.3,1627.1,1668.1,1707.3,1771.3,1822.4,1884.1,1909.9,1844.8,1926.2,2111.5,2141.1,2079.8,2192.9,2250.9,2627.6
 "41000","Oregon",8,SAPCE4,28,"...","     Natural gas ","Millions of current dollars",258.8,229.8,234.3,285.7,337.4,391.9,401.1,449.0,491.4,520.6,601.3,645.1,597.0,508.9,513.2,482.9,498.4,511.2,448.7,444.0,532.1,511.5,493.7,504.3,579.3,781.6
 "41000","Oregon",8,SAPCE4,29,"...","     Fuel oil and other fuels ","Millions of current dollars",210.1,176.7,179.0,227.4,208.8,193.5,208.8,233.7,276.8,279.0,330.6,389.8,267.0,260.4,268.5,214.0,228.5,238.9,191.6,174.9,236.6,291.2,267.3,213.8,249.4,349.8
 "41000","Oregon",8,SAPCE4,30,"...","  Furnishings, household equipment, and routine household maintenance ","Millions of current dollars",3370.8,3614.9,3976.2,4084.6,4076.7,4203.5,4416.6,4813.8,5217.5,5608.3,5762.8,5428.8,4900.5,4975.1,5076.5,5303.8,5589.4,5989.8,6382.3,6662.1,7046.6,7519.5,7859.4,8668.9,9758.9,10303.8
 "41000","Oregon",8,SAPCE4,31,"...","   Furniture, furnishings, and floor coverings ","Millions of current dollars",1103.2,1174.4,1306.6,1359.1,1334.2,1375.9,1461.2,1636.0,1831.8,1996.8,2059.2,1831.2,1539.2,1572.5,1575.2,1635.8,1692.6,1797.0,1955.8,2057.6,2218.8,2383.0,2511.5,2690.7,3260.1,3433.4
 "41000","Oregon",8,SAPCE4,32,"...","   Household textiles ","Millions of current dollars",344.9,378.5,424.9,398.8,384.9,396.1,428.3,473.9,532.0,575.3,580.7,512.0,486.4,515.8,552.6,605.8,634.8,696.8,732.0,749.3,791.2,839.0,879.2,1006.9,1109.9,1178.9
 "41000","Oregon",8,SAPCE4,33,"...","   Household appliances ","Millions of current dollars",451.2,470.4,537.4,559.6,573.0,594.9,609.7,671.0,713.4,766.5,792.1,829.3,787.4,820.8,833.4,867.7,929.0,978.0,1035.2,1077.2,1124.6,1158.1,1173.7,1279.0,1463.9,1525.7
 "41000","Oregon",8,SAPCE4,34,"...","   Glassware, tableware, and household utensils ","Millions of current dollars",323.8,372.4,441.1,446.6,453.2,487.9,509.5,551.1,593.8,628.4,621.0,527.5,458.1,447.9,434.7,426.4,448.5,490.4,524.4,537.5,572.8,602.8,644.9,734.1,789.7,809.8
 "41000","Oregon",8,SAPCE4,35,"...","   Tools and equipment for house and garden ","Millions of current dollars",245.3,252.9,259.8,256.2,241.0,238.0,251.5,273.9,288.7,304.7,296.1,292.9,269.1,282.7,299.7,327.0,381.9,433.1,483.6,550.5,614.3,651.3,668.6,800.0,888.5,930.8
 "41000","Oregon",8,SAPCE4,36,"...","   Other household goods and services ","Millions of current dollars",902.2,966.3,1006.4,1064.3,1090.5,1110.7,1156.5,1207.9,1257.9,1336.5,1413.5,1435.8,1360.3,1335.4,1380.9,1441.2,1502.6,1594.4,1651.3,1690.0,1724.8,1885.1,1981.4,2158.1,2246.7,2425.3
 "41000","Oregon",8,SAPCE4,37,"...","  Health ","Millions of current dollars",9303.6,10095.3,10816.8,11888.2,13110.6,14368.1,15314.6,16563.1,18028.2,19286.8,20673.6,21654.1,22762.0,23771.6,24659.7,25392.4,26116.4,27982.4,30566.2,32175.5,33163.5,34656.0,36733.2,35402.1,39092.8,41059.0
 "41000","Oregon",8,SAPCE4,38,"...","   Medical products, appliances, and equipment ","Millions of current dollars",1191.1,1377.9,1586.7,1780.5,1965.3,2155.1,2361.5,2431.4,2721.4,2949.9,3057.0,3118.0,3276.7,3362.5,3582.1,3737.7,3781.7,3970.6,4137.1,4155.3,4139.3,4421.9,4636.8,4963.1,5166.9,5559.1
 "41000","Oregon",8,SAPCE4,39,"...","    Pharmaceutical and other medical products ","Millions of current dollars",934.3,1087.2,1267.0,1417.8,1581.8,1733.7,1917.9,1956.5,2200.7,2379.7,2445.3,2512.7,2674.4,2746.0,2944.6,3090.8,3120.2,3291.2,3440.3,3448.0,3473.8,3705.8,3892.1,4221.8,4289.4,4617.2
 "41000","Oregon",8,SAPCE4,40,"...","     Pharmaceutical products ","Millions of current dollars",919.6,1070.5,1249.0,1398.1,1561.7,1712.5,1895.5,1932.2,2173.7,2348.0,2409.2,2476.0,2638.6,2708.6,2904.9,3047.7,3078.0,3249.8,3398.5,3404.9,3429.3,3659.8,3844.5,4172.7,4232.8,4553.0
 "41000","Oregon",8,SAPCE4,41,"...","     Other medical products ","Millions of current dollars",14.7,16.7,18.0,19.6,20.1,21.2,22.4,24.4,27.0,31.7,36.1,36.7,35.8,37.4,39.7,43.1,42.2,41.4,41.8,43.1,44.5,46.0,47.6,49.2,56.6,64.2
 "41000","Oregon",8,SAPCE4,42,"...","    Therapeutic appliances and equipment ","Millions of current dollars",256.8,290.7,319.7,362.7,383.5,421.5,443.6,474.9,520.7,570.1,611.8,605.3,602.4,616.4,637.5,647.0,661.5,679.4,696.8,707.3,665.6,716.1,744.7,741.2,877.6,942.0
 "41000","Oregon",8,SAPCE4,43,"...","   Outpatient services ","Millions of current dollars",4211.6,4486.1,4787.1,5302.8,5818.9,6329.2,6828.9,7395.2,7913.0,8412.4,9097.2,9562.0,9718.8,9943.5,10207.3,10515.0,10716.0,11326.1,12427.8,13351.6,14246.7,14828.4,15699.1,14876.9,16570.2,17518.7
 "41000","Oregon",8,SAPCE4,44,"...","    Physician services ","Millions of current dollars",2138.0,2284.7,2466.4,2729.8,3036.0,3306.8,3632.4,3954.5,4255.5,4535.6,4834.0,5075.8,5159.0,5257.5,5386.4,5451.2,5482.5,5717.3,6278.1,6718.4,7021.3,7253.3,7629.1,7284.5,8015.9,8197.4
 "41000","Oregon",8,SAPCE4,45,"...","    Dental services ","Millions of current dollars",851.7,903.6,972.4,1044.0,1127.9,1222.7,1215.7,1283.4,1344.2,1402.2,1512.4,1553.1,1557.4,1591.8,1609.2,1690.5,1649.7,1756.8,1905.9,2029.3,2125.8,2227.9,2329.2,1951.3,2265.5,2472.0
 "41000","Oregon",8,SAPCE4,46,"...","    Paramedical services ","Millions of current dollars",1221.8,1297.9,1348.3,1529.0,1654.9,1799.8,1980.7,2157.2,2313.3,2474.6,2750.7,2933.0,3002.4,3094.1,3211.6,3373.3,3583.8,3852.0,4243.9,4603.9,5099.6,5347.2,5740.7,5641.1,6288.7,6849.3
 "41000","Oregon",8,SAPCE4,47,"...","     Home health care ","Millions of current dollars",268.6,232.0,234.2,245.6,249.8,255.5,285.5,331.6,344.6,364.6,468.8,489.9,520.4,526.2,553.9,617.3,701.9,761.0,830.5,898.3,979.2,1018.9,1110.3,1104.3,1173.2,1259.8
 "41000","Oregon",8,SAPCE4,48,"...","     Medical laboratories ","Millions of current dollars",125.5,142.9,141.4,170.0,181.8,183.4,216.3,244.7,279.7,313.0,339.3,359.7,361.2,342.3,330.0,316.4,321.3,332.8,349.0,361.4,379.1,374.8,395.4,423.9,486.7,536.8
 "41000","Oregon",8,SAPCE4,49,"...","     Other professional medical services ","Millions of current dollars",827.7,922.9,972.7,1113.5,1223.3,1360.9,1479.0,1580.9,1689.1,1797.0,1942.6,2083.4,2120.8,2225.6,2327.7,2439.5,2560.6,2758.3,3064.3,3344.1,3741.3,3953.6,4235.1,4112.9,4628.9,5052.6
 "41000","Oregon",8,SAPCE4,50,"...","   Hospital and nursing home services ","Millions of current dollars",3900.9,4231.3,4443.0,4804.9,5326.4,5883.7,6124.2,6736.5,7393.8,7924.5,8519.4,8974.1,9766.5,10465.7,10870.3,11139.6,11618.7,12685.7,14001.3,14668.7,14777.5,15405.6,16397.3,15562.1,17355.7,17981.1
 "41000","Oregon",8,SAPCE4,51,"...","    Hospitals ","Millions of current dollars",3232.4,3492.1,3689.4,4008.0,4496.7,5008.2,5219.4,5710.9,6254.4,6727.4,7194.5,7525.8,8170.8,8759.0,9085.3,9271.0,9744.6,10776.7,12055.5,12671.5,12771.9,13376.9,14230.6,13504.9,15171.0,15580.8
 "41000","Oregon",8,SAPCE4,52,"...","    Nursing homes ","Millions of current dollars",668.5,739.2,753.6,796.9,829.7,875.5,904.8,1025.6,1139.4,1197.2,1324.9,1448.3,1595.7,1706.7,1785.0,1868.6,1874.1,1909.0,1945.8,1997.2,2005.7,2028.7,2166.7,2057.2,2184.7,2400.3
 "41000","Oregon",8,SAPCE4,53,"...","  Transportation ","Millions of current dollars",8608.3,8916.6,9715.0,10340.3,10154.7,10042.5,10207.0,10936.7,11776.1,12445.0,13064.2,12674.2,10679.5,11318.5,12315.1,12806.2,13518.3,14101.3,13914.3,14418.4,15844.1,17068.4,16975.9,14199.6,19137.5,22313.5
 "41000","Oregon",8,SAPCE4,54,"...","   Motor vehicles ","Millions of current dollars",3506.1,3869.8,4181.1,4121.9,4196.8,4402.6,4225.6,4309.2,4360.5,4209.2,4241.4,3305.7,2898.4,3055.9,3103.6,3379.0,3679.8,4029.8,4587.7,4974.6,5552.9,5809.8,5689.5,5696.7,7648.1,8174.9
 "41000","Oregon",8,SAPCE4,55,"...","    New motor vehicles ","Millions of current dollars",2127.4,2341.2,2549.1,2548.3,2673.8,2826.5,2840.1,2866.7,2871.1,2710.7,2705.6,1984.1,1676.9,1813.0,2007.9,2281.6,2459.5,2659.6,2907.9,3026.3,3287.3,3354.2,3317.1,3396.0,4155.9,4597.8
 "41000","Oregon",8,SAPCE4,56,"...","    Net purchases of used motor vehicles ","Millions of current dollars",1378.7,1528.7,1632.0,1573.6,1522.9,1576.1,1385.5,1442.5,1489.4,1498.6,1535.8,1321.6,1221.5,1242.8,1095.7,1097.4,1220.3,1370.1,1679.8,1948.3,2265.6,2455.6,2372.4,2300.7,3492.2,3577.1
 "41000","Oregon",8,SAPCE4,57,"...","   Motor vehicle operation ","Millions of current dollars",4245.1,4144.4,4548.0,5124.3,4936.4,4648.1,4950.9,5551.6,6260.4,6970.5,7472.2,7932.6,6439.9,6867.2,7665.1,7767.5,8052.7,8197.2,7533.2,7591.1,8311.5,9064.0,9022.0,7548.6,9800.7,11459.2
 "41000","Oregon",8,SAPCE4,58,"...","    Motor vehicle parts and accessories ","Millions of current dollars",465.5,464.9,511.8,503.7,513.1,506.8,484.9,535.6,603.5,661.2,698.2,680.8,647.4,667.9,714.6,733.3,787.1,823.8,890.3,979.9,1053.0,1075.3,1068.1,1097.0,1316.3,1413.4
 "41000","Oregon",8,SAPCE4,59,"...","    Motor vehicle fuels, lubricants, and fluids ","Millions of current dollars",1857.7,1669.9,1849.0,2368.2,2098.3,1875.7,2129.7,2596.3,3118.3,3601.5,3898.9,4397.3,3150.0,3614.4,4308.5,4331.5,4448.5,4377.5,3504.4,3217.6,3709.9,4273.8,4072.5,2920.5,4404.3,5721.6
 "41000","Oregon",8,SAPCE4,60,"...","    Motor vehicle maintenance and repair ","Millions of current dollars",1405.7,1467.6,1571.3,1593.5,1672.7,1677.7,1758.1,1801.9,1879.7,1971.5,2083.8,2018.5,1874.5,1853.2,1930.7,1962.3,1980.7,2029.0,2095.6,2232.8,2314.0,2420.2,2504.7,2367.0,2755.2,2972.1
 "41000","Oregon",8,SAPCE4,61,"...","    Other motor vehicle services ","Millions of current dollars",516.2,541.9,615.8,659.0,652.3,587.9,578.2,617.9,658.9,736.2,791.3,836.0,768.0,731.7,711.4,740.4,836.3,966.9,1042.8,1160.9,1234.6,1294.7,1376.7,1164.1,1324.8,1352.1
 "41000","Oregon",8,SAPCE4,62,"...","   Public transportation ","Millions of current dollars",857.1,902.4,985.9,1094.1,1021.5,991.8,1030.6,1075.9,1155.2,1265.3,1350.6,1435.9,1341.1,1395.4,1546.4,1659.8,1785.8,1874.3,1793.4,1852.6,1979.7,2194.6,2264.4,954.3,1688.7,2679.4
 "41000","Oregon",8,SAPCE4,63,"...","    Ground transportation ","Millions of current dollars",191.2,188.9,206.9,222.2,249.0,263.0,276.1,325.7,359.4,417.2,446.3,455.8,442.1,437.8,477.4,483.4,496.9,508.7,509.3,521.0,540.7,584.2,580.4,283.0,361.8,529.0
 "41000","Oregon",8,SAPCE4,64,"...","    Air transportation ","Millions of current dollars",639.9,679.1,741.1,830.4,726.5,678.1,701.2,693.8,740.5,792.3,846.7,924.0,852.2,910.9,1027.9,1134.5,1246.9,1325.0,1241.9,1294.5,1404.6,1572.7,1643.8,647.5,1288.9,2107.8
 "41000","Oregon",8,SAPCE4,65,"...","    Water transportation ","Millions of current dollars",26.0,34.4,37.9,41.5,46.1,50.7,53.3,56.4,55.4,55.9,57.6,56.1,46.8,46.8,41.1,41.8,41.9,40.6,42.2,37.1,34.4,37.7,40.2,23.8,37.9,42.6
 "41000","Oregon",8,SAPCE4,66,"...","  Communication ","Millions of current dollars",1258.1,1295.2,1365.5,1417.9,1403.8,1350.1,1355.9,1372.7,1377.8,1469.1,1543.7,1635.4,1618.8,1671.2,1719.6,1777.8,1830.1,1961.2,2002.6,2026.2,2084.2,2118.2,2080.7,2087.9,2226.0,2325.7
 "41000","Oregon",8,SAPCE4,67,"...","   Telephone and related communication equipment ","Millions of current dollars",36.0,39.1,47.6,54.9,58.3,62.1,72.2,81.6,83.6,104.5,130.3,146.8,165.5,190.6,207.6,240.1,264.0,310.4,349.0,349.0,373.2,386.2,376.9,326.9,374.8,388.6
 "41000","Oregon",8,SAPCE4,68,"...","   Postal and delivery services ","Millions of current dollars",111.8,112.4,111.3,109.9,107.9,105.0,111.4,119.7,126.4,146.1,150.7,168.0,158.6,162.8,155.1,151.6,149.9,157.5,160.0,164.6,160.6,167.3,169.1,183.2,209.9,220.0
 "41000","Oregon",8,SAPCE4,69,"...","    First-class postal service by U.S. Postal Service (USPS) ","Millions of current dollars",93.2,91.7,89.9,86.2,82.2,79.8,81.8,84.0,86.5,97.6,100.0,110.5,104.4,102.4,91.8,78.3,77.6,81.8,81.1,81.9,74.2,73.9,72.4,70.2,70.2,71.5
 "41000","Oregon",8,SAPCE4,70,"...","    Other delivery services (by non-USPS facilities) ","Millions of current dollars",18.6,20.7,21.5,23.8,25.7,25.2,29.5,35.7,39.9,48.4,50.7,57.5,54.2,60.3,63.3,73.2,72.4,75.8,79.0,82.7,86.4,93.4,96.8,113.0,139.7,148.5
 "41000","Oregon",8,SAPCE4,71,"...","   Telecommunication services ","Millions of current dollars",1064.1,1086.5,1120.8,1135.1,1127.2,1069.1,1036.3,1020.5,1028.2,1061.2,1068.7,1085.3,1036.9,1038.1,1048.6,1026.7,1047.1,1096.5,1046.4,1041.4,1042.0,1053.6,1019.5,1006.6,1009.7,1017.4
 "41000","Oregon",8,SAPCE4,72,"...","   Internet access ","Millions of current dollars",46.2,57.2,85.8,118.0,110.4,113.9,136.0,150.9,139.7,157.3,193.9,235.2,257.8,279.7,308.3,359.4,369.0,396.8,447.1,471.2,508.3,511.1,515.2,571.2,631.6,699.7
 "41000","Oregon",8,SAPCE4,73,"...","  Recreation ","Millions of current dollars",6308.6,6530.1,7113.4,7628.0,7693.3,7883.3,8237.5,8915.4,9551.2,10286.9,10972.8,10970.5,10387.8,10609.9,10837.0,11218.5,11972.6,12929.9,13723.5,14762.3,16095.9,17240.7,17965.1,18552.2,22142.8,24563.9
 "41000","Oregon",8,SAPCE4,74,"...","   Video and audio equipment, computers, and related services ","Millions of current dollars",1556.9,1623.5,1834.7,1987.3,1962.9,1975.4,2029.0,2243.2,2383.6,2633.5,2922.1,3116.5,3020.0,3115.9,3154.1,3185.6,3413.2,3661.6,3748.6,4035.0,4567.1,5090.7,5393.0,6093.5,7017.2,7465.8
 "41000","Oregon",8,SAPCE4,75,"...","    Video and audio equipment ","Millions of current dollars",632.0,668.1,802.1,894.4,917.5,954.6,924.6,981.9,1046.5,1130.5,1193.5,1260.6,1129.7,1079.9,1031.8,959.3,982.2,993.0,973.4,972.0,1004.2,1053.3,1085.3,1012.8,1177.7,1189.8
 "41000","Oregon",8,SAPCE4,76,"...","    Information processing equipment ","Millions of current dollars",406.1,426.0,478.1,531.6,501.9,512.9,576.5,690.6,772.3,906.8,1091.7,1200.4,1219.7,1343.6,1432.4,1484.6,1645.0,1831.8,1867.9,2078.7,2550.1,3006.1,3225.0,3969.9,4628.4,4996.1
 "41000","Oregon",8,SAPCE4,77,"...","    Services related to video and audio goods and computers ","Millions of current dollars",518.8,529.3,554.4,561.3,543.5,507.9,527.9,570.7,564.7,596.1,636.9,655.6,670.6,692.3,689.9,741.8,786.0,836.9,907.2,984.3,1012.7,1031.3,1082.7,1110.9,1211.1,1279.9
 "41000","Oregon",8,SAPCE4,78,"...","   Sports and recreational goods and related services ","Millions of current dollars",1724.9,1843.1,1998.7,2113.8,2209.7,2342.1,2474.3,2691.9,2879.3,3058.5,3135.8,2800.7,2448.5,2466.9,2543.0,2699.1,2996.1,3323.1,3678.8,3974.6,4143.5,4318.0,4454.5,5504.9,6635.1,7217.6
 "41000","Oregon",8,SAPCE4,79,"...","    Sports and recreational vehicles ","Millions of current dollars",626.7,669.0,710.9,726.3,788.1,881.1,992.6,1112.4,1187.0,1237.7,1263.8,1058.7,787.7,746.9,746.3,781.7,950.0,1114.0,1305.8,1490.3,1626.7,1648.9,1620.6,1874.9,2494.0,2606.3
 "41000","Oregon",8,SAPCE4,80,"...","    Other sporting and recreational goods ","Millions of current dollars",1053.1,1120.6,1225.4,1325.0,1354.6,1389.7,1408.2,1506.4,1615.9,1737.3,1784.9,1659.8,1586.9,1641.0,1709.5,1827.7,1953.1,2109.5,2272.0,2379.5,2405.0,2557.1,2718.3,3512.8,4002.3,4461.8
 "41000","Oregon",8,SAPCE4,81,"...","    Maintenance and repair of recreational vehicles and sports equipment ","Millions of current dollars",45.1,53.5,62.4,62.4,67.0,71.3,73.4,73.1,76.4,83.5,87.1,82.3,73.9,79.0,87.3,89.7,92.9,99.7,100.9,104.8,111.8,112.1,115.7,117.2,138.9,149.5
 "41000","Oregon",8,SAPCE4,82,"...","   Membership clubs, sports centers, parks, theaters, and museums ","Millions of current dollars",862.9,864.8,901.9,942.1,932.7,970.5,1010.6,1087.6,1190.6,1317.7,1476.6,1516.7,1495.9,1563.8,1563.1,1658.9,1726.2,1851.8,1973.0,2149.6,2405.3,2546.8,2669.6,1524.3,1946.8,2504.4
 "41000","Oregon",8,SAPCE4,83,"...","    Membership clubs and participant sports centers ","Millions of current dollars",323.5,333.2,348.2,352.5,355.6,366.9,393.4,423.1,441.1,498.9,554.0,560.9,530.7,526.5,530.5,552.4,578.0,606.8,640.1,704.2,761.5,792.3,825.4,564.4,715.0,841.5
 "41000","Oregon",8,SAPCE4,84,"...","    Amusements parks, campgrounds, and related recreational services ","Millions of current dollars",234.7,240.1,234.1,240.8,218.3,209.7,221.1,236.3,256.4,273.6,300.1,309.3,298.4,305.2,306.1,315.3,350.1,384.7,409.9,447.9,525.2,553.2,592.1,411.9,515.1,604.3
 "41000","Oregon",8,SAPCE4,85,"...","    Admissions to specified spectator amusements ","Millions of current dollars",272.5,257.9,283.7,310.9,319.3,348.8,347.5,376.2,434.8,486.3,566.9,587.5,609.9,669.2,648.5,705.3,702.4,759.1,816.2,892.0,999.9,1078.8,1114.5,455.3,602.9,921.8
 "41000","Oregon",8,SAPCE4,86,"...","     Motion picture theaters ","Millions of current dollars",106.2,108.2,116.0,122.7,126.4,134.2,142.1,140.6,141.5,154.4,169.7,173.5,175.5,176.4,160.3,173.1,174.9,180.9,184.3,201.8,196.4,221.6,209.9,50.0,83.6,137.9
 "41000","Oregon",8,SAPCE4,87,"...","     Live entertainment, excluding sports ","Millions of current dollars",68.6,76.8,73.3,81.1,85.3,98.1,110.7,133.1,171.7,203.4,241.4,248.5,271.9,306.5,298.0,309.1,296.7,332.4,380.9,418.0,478.2,488.0,510.0,238.2,282.1,472.5
 "41000","Oregon",8,SAPCE4,88,"...","     Spectator sports ","Millions of current dollars",97.8,73.0,94.4,107.2,107.7,116.5,94.8,102.4,121.7,128.5,155.8,165.5,162.5,186.2,190.2,223.1,230.7,245.8,251.0,272.2,325.3,369.2,394.6,167.1,237.2,311.4
 "41000","Oregon",8,SAPCE4,89,"...","    Museums and libraries ","Millions of current dollars",32.2,33.5,35.9,37.9,39.5,45.1,48.6,52.0,58.3,58.8,55.6,59.0,56.8,62.9,78.0,85.9,95.7,101.2,106.8,105.5,118.7,122.5,137.6,92.8,113.8,136.9
 "41000","Oregon",8,SAPCE4,90,"...","   Magazines, newspapers, books, and stationery ","Millions of current dollars",687.2,676.6,720.8,797.5,763.9,724.0,724.9,732.9,757.5,808.6,829.3,803.9,754.3,753.9,736.7,669.8,709.2,758.2,812.6,871.5,959.4,1026.7,1013.7,1115.8,1250.5,1375.2
 "41000","Oregon",8,SAPCE4,91,"...","   Gambling ","Millions of current dollars",693.9,698.3,763.3,817.7,829.1,856.0,932.4,999.2,1065.5,1114.7,1136.7,1152.8,1122.7,1118.7,1168.7,1232.0,1292.3,1360.9,1450.4,1515.3,1583.3,1660.9,1668.5,1433.5,1912.8,2088.8
 "41000","Oregon",8,SAPCE4,92,"...","   Pets, pet products, and related services ","Millions of current dollars",482.1,513.2,562.3,622.2,663.0,683.1,739.6,832.9,942.9,1021.2,1129.8,1225.5,1215.1,1244.2,1344.1,1432.5,1503.2,1627.8,1719.2,1866.7,2073.1,2215.8,2369.6,2619.4,3083.7,3538.4
 "41000","Oregon",8,SAPCE4,93,"...","   Photographic goods and services ","Millions of current dollars",220.5,221.7,231.5,234.0,226.5,218.1,216.0,218.0,211.3,206.3,216.8,218.7,203.5,202.9,193.5,191.4,190.3,197.3,190.1,182.9,180.9,184.5,192.3,167.2,187.0,196.7
 "41000","Oregon",8,SAPCE4,94,"...","   Package tours ","Millions of current dollars",80.3,88.8,100.2,113.4,105.5,114.0,110.7,109.8,120.5,126.5,125.7,135.6,127.8,143.7,133.9,149.3,142.1,149.1,150.9,166.8,183.3,197.3,203.9,93.7,109.5,177.0
 "41000","Oregon",8,SAPCE4,95,"...","  Education ","Millions of current dollars",1201.6,1305.8,1405.9,1489.9,1534.5,1572.5,1690.1,1844.0,1953.1,2073.5,2184.4,2284.8,2386.8,2532.6,2570.4,2551.2,2549.8,2566.2,2709.6,2891.0,2989.5,3076.0,3192.4,3098.1,3194.3,3454.7
 "41000","Oregon",8,SAPCE4,96,"...","   Educational books ","Millions of current dollars",70.6,74.1,78.2,81.6,84.8,88.6,91.0,92.7,97.9,99.5,99.8,107.2,111.4,121.1,124.6,122.5,120.9,118.2,118.7,125.1,127.6,127.3,123.6,103.4,125.6,136.9
 "41000","Oregon",8,SAPCE4,97,"...","   Higher education ","Millions of current dollars",675.2,726.8,813.9,909.2,946.9,960.6,1058.7,1152.8,1237.9,1327.1,1411.5,1478.0,1568.4,1676.7,1688.0,1655.5,1618.9,1570.0,1645.8,1760.2,1793.1,1821.6,1857.2,1867.2,1873.1,1951.7
 "41000","Oregon",8,SAPCE4,98,"...","   Nursery, elementary, and secondary schools ","Millions of current dollars",219.5,240.0,248.5,258.6,266.5,276.5,268.2,291.2,290.0,311.1,326.4,350.7,362.7,372.8,371.3,379.6,390.7,421.3,459.9,498.4,523.9,556.8,573.5,546.3,591.7,659.8
 "41000","Oregon",8,SAPCE4,99,"...","   Commercial and vocational schools ","Millions of current dollars",236.2,264.9,265.4,240.4,236.3,246.9,272.2,307.2,327.3,335.9,346.6,348.9,344.3,362.0,386.4,393.7,419.3,456.6,485.2,507.3,544.9,570.3,638.0,581.2,603.9,706.3
 "41000","Oregon",8,SAPCE4,100,"...","  Food services and accommodations ","Millions of current dollars",4507.1,4689.5,5001.8,5309.5,5413.3,5622.7,5980.8,6369.1,6894.2,7367.2,7788.7,7957.6,7712.4,7925.7,8301.5,8753.3,9142.2,9699.4,10590.7,11056.4,11824.3,12825.6,13447.1,10618.3,13281.6,15828.7
 "41000","Oregon",8,SAPCE4,101,"...","   Food services ","Millions of current dollars",3984.0,4135.6,4412.4,4647.5,4789.4,4954.0,5260.5,5567.3,5992.5,6363.8,6723.1,6833.2,6608.1,6769.4,7054.7,7421.7,7751.0,8217.8,8990.2,9455.3,10115.5,10943.8,11512.0,9610.6,11831.3,13817.2
 "41000","Oregon",8,SAPCE4,102,"...","    Purchased meals and beverages ","Millions of current dollars",3890.4,4039.0,4312.5,4544.6,4684.4,4844.4,5142.4,5442.0,5855.3,6210.6,6558.4,6663.0,6435.3,6596.9,6868.6,7229.6,7546.7,7996.7,8744.1,9179.3,9819.3,10631.2,11190.7,9332.4,11533.5,13466.5
 "41000","Oregon",8,SAPCE4,103,"...","    Food furnished to employees (including military) ","Millions of current dollars",93.6,96.6,99.8,102.9,105.1,109.6,118.2,125.3,137.2,153.2,164.7,170.2,172.8,172.5,186.1,192.1,204.3,221.1,246.0,276.1,296.2,312.6,321.3,278.1,297.8,350.7
 "41000","Oregon",8,SAPCE4,104,"...","   Accommodations ","Millions of current dollars",523.1,553.9,589.4,662.1,623.8,668.7,720.2,801.7,901.7,1003.4,1065.6,1124.4,1104.3,1156.3,1246.8,1331.6,1391.2,1481.7,1600.6,1601.0,1708.8,1881.8,1935.0,1007.7,1450.3,2011.4
 "41000","Oregon",8,SAPCE4,105,"...","  Financial services and insurance ","Millions of current dollars",5344.9,5845.1,6249.6,6860.1,6792.5,6958.4,7433.7,7825.7,8376.7,8647.2,8812.8,8793.8,7990.8,8469.0,8630.6,8376.9,8543.1,9015.5,9460.8,9812.1,10570.2,11389.8,11255.5,11467.4,12433.7,12757.8
 "41000","Oregon",8,SAPCE4,106,"...","   Financial services ","Millions of current dollars",2400.5,2649.0,2890.2,3217.6,3003.5,3050.4,3243.4,3526.3,3822.2,4180.5,4455.8,4646.6,4285.4,4557.8,4727.5,4886.9,5136.8,5377.5,5759.5,5997.6,6364.1,6697.5,6901.4,7172.5,7883.3,8206.2
 "41000","Oregon",8,SAPCE4,107,"...","    Financial services furnished without payment ","Millions of current dollars",1472.4,1573.4,1616.0,1743.6,1656.5,1668.3,1802.4,1949.2,2116.7,2267.7,2392.7,2459.6,2193.8,2429.9,2473.0,2458.3,2582.1,2734.4,3095.4,3301.2,3552.0,3761.2,3894.7,4018.8,4275.8,4590.5
 "41000","Oregon",8,SAPCE4,108,"...","    Financial service charges, fees, and commissions ","Millions of current dollars",928.1,1075.6,1274.3,1474.1,1347.0,1382.1,1441.0,1577.1,1705.5,1912.8,2063.1,2187.0,2091.6,2127.9,2254.5,2428.6,2554.7,2643.1,2664.1,2696.4,2812.1,2936.3,3006.7,3153.6,3607.6,3615.8
 "41000","Oregon",8,SAPCE4,109,"...","   Insurance ","Millions of current dollars",2944.4,3196.1,3359.4,3642.5,3789.0,3908.0,4190.3,4299.4,4554.5,4466.8,4357.1,4147.2,3705.5,3911.2,3903.1,3490.0,3406.3,3638.0,3701.3,3814.5,4206.1,4692.2,4354.1,4295.0,4550.4,4551.5
 "41000","Oregon",8,SAPCE4,110,"...","    Life insurance ","Millions of current dollars",586.6,583.6,588.7,670.7,628.5,589.6,603.0,720.4,781.8,833.6,857.5,864.1,782.2,809.7,856.7,860.6,854.3,880.6,885.1,753.6,935.3,973.1,970.4,945.4,952.3,997.5
 "41000","Oregon",8,SAPCE4,111,"...","    Net household insurance ","Millions of current dollars",41.2,47.6,49.3,51.5,55.9,56.7,62.9,72.0,76.3,74.9,88.6,93.9,83.3,85.2,86.6,84.7,93.8,111.5,123.2,134.5,143.4,145.9,155.8,160.2,159.4,162.1
 "41000","Oregon",8,SAPCE4,112,"...","    Net health insurance ","Millions of current dollars",1804.1,2012.4,2150.1,2363.2,2530.2,2676.1,2919.3,2859.8,3011.5,2889.3,2703.1,2478.4,2154.1,2342.1,2278.1,1867.7,1773.0,1928.9,1953.7,2148.5,2255.3,2667.6,2247.8,2268.4,2407.3,2363.7
 "41000","Oregon",8,SAPCE4,113,"...","     Medical care and hospitalization ","Millions of current dollars",1570.9,1777.1,1923.9,2120.6,2268.6,2420.0,2682.8,2625.0,2740.4,2601.6,2403.1,2181.4,1887.5,2060.1,1991.6,1575.8,1462.7,1590.0,1574.1,1763.0,1833.7,2205.7,1769.4,1828.3,2087.4,2033.0
 "41000","Oregon",8,SAPCE4,114,"...","     Income loss ","Millions of current dollars",14.3,16.2,17.8,20.1,22.2,23.2,23.9,24.6,25.4,26.8,28.1,29.4,29.1,28.5,29.5,30.2,30.9,31.4,32.8,33.5,35.1,39.0,41.7,44.0,47.1,50.9
 "41000","Oregon",8,SAPCE4,115,"...","     Workers' compensation ","Millions of current dollars",218.9,219.0,208.4,222.4,239.5,232.9,212.6,210.2,245.8,260.9,271.9,267.5,237.5,253.5,257.0,261.7,279.4,307.5,346.9,352.1,386.5,422.9,436.6,396.1,272.8,279.8
 "41000","Oregon",8,SAPCE4,116,"...","    Net motor vehicle and other transportation insurance ","Millions of current dollars",512.6,552.5,571.3,557.2,574.4,585.5,605.1,647.1,684.9,669.0,707.8,710.8,685.9,674.2,681.7,677.0,685.2,717.0,739.3,777.9,872.0,905.6,980.1,921.0,1031.3,1028.2
 "41000","Oregon",8,SAPCE4,117,"...","  Other goods and services ","Millions of current dollars",4290.8,4552.0,5001.7,5214.1,5397.2,5539.9,5880.4,6266.6,6661.4,7114.2,7447.1,7545.8,7518.2,7782.7,8085.0,8156.3,8377.0,8754.8,9249.6,9670.6,10134.6,10663.6,11101.6,11140.9,12654.0,13683.4
 "41000","Oregon",8,SAPCE4,118,"...","   Personal care ","Millions of current dollars",982.1,1039.1,1090.3,1155.5,1173.3,1196.7,1304.3,1411.0,1582.8,1689.2,1794.3,1838.9,1811.7,1867.8,1937.6,1992.3,2043.6,2120.4,2204.7,2249.5,2309.3,2483.8,2604.1,2283.9,2669.3,3049.2
 "41000","Oregon",8,SAPCE4,119,"...","   Personal items ","Millions of current dollars",558.2,590.4,647.1,676.5,651.0,666.4,691.1,761.9,839.0,942.4,970.7,906.4,840.7,873.1,964.3,993.0,993.6,999.0,1008.9,974.5,1000.0,1053.6,1084.2,1125.3,1528.1,1658.4
 "41000","Oregon",8,SAPCE4,120,"...","   Social services and religious activities ","Millions of current dollars",758.5,843.6,935.3,976.8,1076.1,1126.2,1244.2,1316.3,1392.9,1446.9,1494.0,1586.0,1656.2,1781.4,1901.0,1957.4,2038.6,2225.1,2425.2,2644.0,2729.2,2896.5,3069.0,3198.9,3655.0,3944.5
 "41000","Oregon",8,SAPCE4,121,"...","   Professional and other services ","Millions of current dollars",1165.5,1214.8,1321.7,1357.8,1453.5,1496.1,1608.2,1694.6,1746.1,1866.6,1997.7,2028.2,1935.5,1951.1,1990.3,1959.1,2013.3,2094.4,2199.5,2310.0,2401.1,2465.1,2559.0,2682.2,2881.5,3092.3
 "41000","Oregon",8,SAPCE4,122,"...","    Legal services ","Millions of current dollars",667.2,694.4,766.8,784.6,840.4,863.0,917.4,941.4,965.2,1027.1,1065.3,1048.1,1018.1,1032.8,1061.2,1041.2,1046.3,1060.2,1089.2,1116.4,1164.1,1174.3,1188.3,1236.0,1297.6,1306.2
 "41000","Oregon",8,SAPCE4,123,"...","    Accounting and other business services ","Millions of current dollars",229.2,251.7,279.1,294.6,317.8,334.2,366.2,415.0,424.0,462.9,522.1,549.0,491.3,486.3,501.4,496.8,532.9,586.5,642.8,694.2,721.5,762.9,827.1,900.2,997.0,1159.6
 "41000","Oregon",8,SAPCE4,124,"...","    Labor organization dues ","Millions of current dollars",158.6,146.4,143.9,140.6,143.6,141.4,150.3,152.5,152.2,158.9,175.6,195.5,204.4,210.7,208.9,200.6,203.4,209.6,215.3,221.6,228.3,236.9,244.2,244.9,252.2,267.4
 "41000","Oregon",8,SAPCE4,125,"...","    Professional association dues ","Millions of current dollars",33.2,37.1,42.0,44.3,49.9,55.3,55.8,59.3,61.4,67.4,71.8,71.1,70.5,73.0,73.4,77.2,80.0,82.0,83.8,102.8,101.6,105.1,107.5,101.2,109.9,117.7
 "41000","Oregon",8,SAPCE4,126,"...","    Funeral and burial services ","Millions of current dollars",77.3,85.2,89.8,93.6,101.8,102.2,118.6,126.4,143.2,150.3,162.9,164.5,151.2,148.3,145.4,143.4,150.8,156.1,168.4,175.0,185.6,186.0,191.9,199.8,224.8,241.3
 "41000","Oregon",8,SAPCE4,127,"...","   Tobacco ","Millions of current dollars",826.6,864.1,1007.3,1047.6,1043.3,1054.7,1032.6,1082.8,1100.6,1169.2,1190.5,1186.2,1274.1,1309.4,1291.8,1254.6,1287.8,1315.9,1411.3,1492.5,1695.0,1764.6,1785.2,1850.7,1920.1,1939.1
 "41000","Oregon",8,SAPCE4,128,"...","  Net foreign travel and expenditures abroad by U.S. residents ","Millions of current dollars",-529.5,-450.6,-593.9,-637.5,-452.6,-348.2,-240.4,-234.3,-235.0,-160.1,-294.8,-335.1,-272.0,-450.8,-483.7,-708.2,-1223.3,-1523.6,-1661.9,-1625.6,-1453.6,-1492.4,-1171.4,-636.3,-224.7,95.7
 "41000","Oregon",8,SAPCE4,129,"...","   Foreign travel by U.S. residents ","Millions of current dollars",1065.9,1110.1,1057.1,1129.3,1100.7,1087.2,1129.6,1282.5,1406.9,1549.0,1631.5,1808.0,1771.6,1935.8,2056.4,2028.0,1927.3,1923.3,1950.7,2071.3,2453.3,2548.2,2787.9,755.8,904.4,2090.9
 "41000","Oregon",8,SAPCE4,130,"...","   Less: Expenditures in the United States by nonresidents ","Millions of current dollars",1595.4,1560.7,1651.0,1766.8,1553.3,1435.5,1370.0,1516.7,1641.9,1709.1,1926.3,2143.1,2043.6,2386.6,2540.1,2736.3,3150.6,3446.9,3612.6,3696.9,3906.9,4040.6,3959.3,1392.1,1129.1,1995.1
 "41000","Oregon",8,SAPCE4,132,"..."," Final consumption expenditures of nonprofit institutions serving households (NPISHs) ","Millions of current dollars",1295.9,1559.0,1658.0,2031.0,2135.0,2362.0,2449.0,2515.0,2396.0,2732.0,2826.0,3310.5,3481.9,3653.3,4008.2,4408.2,4503.3,4667.7,4858.8,5199.4,5329.6,5580.9,5387.9,6600.2,6495.9,7486.3
 "41000","Oregon",8,SAPCE4,133,"...","  Gross output of nonprofit institutions ","Millions of current dollars",6028.0,6489.0,6796.0,7574.0,7949.0,8621.0,8978.0,9601.0,9845.0,10593.0,11229.0,12112.5,12870.0,13586.3,14447.1,15325.3,15864.8,16642.3,17941.3,19156.3,20019.5,20862.9,21705.2,22334.8,24049.2,25572.3
 "41000","Oregon",8,SAPCE4,134,"...","  Less: Receipts from sales of goods and services by nonprofit institutions ","Millions of current dollars",4732.1,4930.0,5138.0,5543.0,5814.0,6259.0,6529.0,7086.0,7449.0,7861.0,8403.0,8802.0,9388.1,9933.0,10438.9,10917.1,11361.5,11974.6,13082.5,13956.9,14689.9,15282.0,16317.4,15734.6,17553.3,18086.0
"Note: See the included footnote file."
"SAPCE4: Personal consumption expenditures (PCE) by state by function 1/"
"Last updated: October 4, 2023-- new statistics for 2022; revised statistics for 1997-2021."
"U.S. Bureau of Economic Analysis"
