state,year,in_lf,employed,unemployed,not_in_lf,Man_bus_sci_arts,service,sales_office,construction,prod_tran_mov,median_f_income,mean_f_income,per_cp_income,pop_hea_ins,pop_hea_ins_pri,pop_hea_ins_pub,pop_no_hea_ins
Alabama,2012,2265008,2017887,230778,1514449,643951,332351,507206,218389,315990,54326,70237,23587,4039446,3112613,1524117,654376
Alabama,2013,2259344,2002163,241930,1547090,652201,335865,494371,209494,310232,54362,70661,23680,4061521,3093955,1568842,655394
Alabama,2014,2253005,2010453,228716,1575794,661335,339569,489899,203989,315661,54724,71423,23936,4095677,3097222,1607735,640276
Alabama,2015,2242401,2022325,207097,1604444,673400,339082,488066,200200,321577,55341,71994,24091,4148627,3122837,1648163,601159
Alabama,2016,2238654,2042025,184479,1625648,685523,339793,489112,199303,328294,56828,74189,24736,4208373,3162223,1687781,552918
Alabama,2017,2233209,2055509,165391,1642927,700328,341617,487118,197982,328464,59115,77153,25746,4258663,3189772,1720966,512029
Alabama,2018,2237164,2076708,147898,1657532,715206,339706,458464,200403,362929,62030,80678,26846,4307566,3221648,1745707,477474
Alabama,2019,2242785,2097384,132095,1664359,732741,342936,453834,199991,367882,64430,83896,27928,4339389,3236113,1768628,457826
Alabama,2020,2259980,2119986,125343,1666862,756013,341826,456424,201224,364499,66772,86610,28934,4357884,3250867,1780971,455545
Alabama,2021,2313616,2173597,124416,1691883,785092,348756,457988,207916,373845,70878,91751,30458,4442707,3297281,1822388,477303
Alaska,2012,389890,341115,31369,155607,121152,58858,80469,42852,37784,81752,97631,32537,552794,446907,166219,134111
Alaska,2013,393037,343366,32939,160177,122917,60040,80084,42338,37987,82870,99002,32651,560189,448698,173846,136696
Alaska,2014,396856,347983,32097,163824,124865,61535,79255,43152,39176,83714,100099,33129,570129,454403,179141,134276
Alaska,2015,399077,351108,31285,166135,127175,61419,79623,43943,38948,84232,100810,33413,580394,460366,187536,128964
Alaska,2016,400475,353954,30139,168257,129916,62543,78806,43695,38994,87365,103495,34191,592366,468881,194538,120598
Alaska,2017,400622,354045,29548,170831,130013,61208,80538,43634,38652,88949,105989,35065,603580,470575,208041,110458
Alaska,2018,396353,351152,28067,175175,130498,62342,72150,42571,43591,90284,108301,35874,611150,467898,221460,102956
Alaska,2019,392338,347774,26808,179343,130758,60897,71497,40951,43671,92588,111717,36787,615200,464397,232264,97156
Alaska,2020,386787,341492,26429,185897,130500,60360,69730,39444,41458,92648,112443,37094,621339,463817,243500,89765
Alaska,2021,383795,338664,25054,188370,130394,60695,68137,38377,41061,96658,118906,39236,622998,461531,250205,86440
Arizona,2012,3049419,2733537,296132,1918196,951259,531042,730805,262307,258124,59563,77301,25571,5235583,3865476,2089262,1068823
Arizona,2013,3056508,2721866,316360,1983203,954771,537658,722720,250505,256212,58897,76682,25358,5299876,3860279,2163069,1073491
Arizona,2014,3076534,2754982,304067,2045247,969339,546173,725533,251532,262405,59088,77415,25537,5403068,3891184,2242025,1050638
Arizona,2015,3106324,2813406,275712,2100799,986331,559290,737817,258469,271499,59480,78365,25848,5551125,3977054,2324123,982384
Arizona,2016,3146717,2879372,249972,2144122,1017992,572224,747220,263662,278274,61001,80861,26686,5718154,4071843,2418040,902079
Arizona,2017,3197116,2953891,225911,2174225,1053407,579712,765571,269299,285902,63812,84851,27964,5887582,4180625,2500889,814408
Arizona,2018,3274526,3045978,210214,2224300,1094402,597400,743623,276848,333705,66988,88911,29265,6089964,4293325,2620735,748306
Arizona,2019,3346155,3130658,195905,2254766,1144162,604288,754249,283265,344694,70184,93002,30694,6217481,4381819,2686086,723547
Arizona,2020,3436482,3215843,199358,2284474,1208410,600694,769735,286436,350568,73456,97003,32340,6317548,4471339,2719633,747778
Arizona,2021,3424193,3210791,191115,2226431,1240175,578248,753182,289157,350029,78845,103006,34644,6233168,4439085,2659829,743344
Arkansas,2012,1377211,1253069,117354,908117,384927,212875,307826,137991,209450,50453,64955,22007,2379400,1704647,1026681,482623
Arkansas,2013,1372975,1245432,121235,928468,388270,214286,300168,135496,207212,50759,65633,22170,2397888,1701230,1046851,481547
Arkansas,2014,1372077,1251717,115090,943705,395897,216462,300354,134293,204711,51464,66972,22595,2437947,1711316,1076771,455936
Arkansas,2015,1365791,1256081,104943,962593,401468,214596,300006,134332,205679,51782,67812,22798,2493760,1734526,1114777,411433
Arkansas,2016,1364187,1266552,93190,975120,410853,215736,299468,134603,205892,53123,69867,23401,2555830,1760339,1158623,359572
Arkansas,2017,1366102,1276536,85128,984959,421437,216668,299245,133549,205637,54923,72907,24426,2613437,1782528,1206433,311132
Arkansas,2018,1372359,1292263,75774,991749,431719,219582,281867,134572,224523,57065,76371,25635,2671701,1805487,1248288,265434
Arkansas,2019,1378722,1303490,70481,996025,438892,220282,281025,133382,229909,59455,79134,26577,2694603,1804224,1273752,250631
Arkansas,2020,1386758,1309748,71704,1001411,456538,217074,278061,131748,226327,62067,82767,27724,2711291,1800405,1291530,245980
Arkansas,2021,1390373,1310863,73733,991882,461398,216766,273618,133184,225897,65673,87797,29210,2698745,1774856,1293957,257025
California,2012,18821426,16614362,2059444,10341649,6099725,3048332,4102112,1552809,1811384,69883,94829,29551,30246600,22783161,10562835,6536932
California,2013,18946244,16635854,2168665,10570351,6132193,3096848,4056554,1536448,1813811,69661,94926,29527,30529357,22662338,10964848,6601519
California,2014,19108876,16890442,2084564,10825962,6258807,3159432,4074214,1549507,1848482,70187,96357,29906,31283265,22837279,11580478,6267799
California,2015,19269449,17246360,1891081,11042980,6433784,3237583,4089885,1580821,1904287,70720,97665,30318,32338467,23202289,12356668,5573845
California,2016,19391320,17577142,1683726,11174426,6618546,3292699,4117361,1600708,1947828,72952,101373,31458,33347804,23584092,13098930,4804193
California,2017,19612777,17993915,1491146,11297281,6852750,3358297,4159589,1634116,1989163,76975,106970,33128,34446673,24089554,13779925,4041396
California,2018,19758291,18309012,1321502,11350904,7076526,3393502,3968498,1653964,2216522,81416,113046,35021,35373781,24501734,14387695,3280167
California,2019,19921547,18591241,1199233,11363122,7297519,3433357,3948186,1675325,2236854,85837,119126,36955,35872267,24742908,14726131,2915070
California,2020,20016955,18646894,1229079,11387009,7517770,3376613,3903884,1638447,2210180,89798,124332,38576,36032553,24962786,14750621,2806173
California,2021,20129162,18676721,1303741,11370542,7675562,3311184,3812112,1654532,2223331,95971,132761,41276,36146100,25059591,14781015,2800277
Colorado,2012,2749557,2498972,218419,1206426,991008,422317,615048,245650,224949,72455,92254,31039,4191752,3499387,1172651,757881
Colorado,2013,2774490,2509777,231741,1249232,1001363,433344,612922,236868,225280,72687,92644,31109,4276487,3512031,1253094,748808
Colorado,2014,2811701,2560703,219241,1283221,1026402,446933,616388,241032,229948,73817,94432,31674,4394593,3547028,1348159,710571
Colorado,2015,2852439,2624436,195578,1316385,1061083,458252,625353,245817,233931,74826,96206,32217,4548363,3614783,1452882,638851
Colorado,2016,2897359,2692529,171695,1348200,1098264,469499,632877,251985,239904,77130,99363,33230,4695668,3678914,1553563,572210
Colorado,2017,2946354,2760076,152856,1373859,1138463,476888,636889,257832,250004,80654,104091,34845,4841392,3750132,1646986,503311
Colorado,2018,3012312,2839374,139326,1396836,1186757,483668,620318,266469,282162,84540,109258,36415,4997417,3834101,1739826,441850
Colorado,2019,3069631,2904589,131371,1419677,1242311,487520,619818,266786,288154,88931,114593,38226,5095555,3901917,1779763,420782
Colorado,2020,3115754,2937047,142722,1452273,1277439,484482,614608,265977,294541,92752,119073,39545,5152499,3942293,1814299,436261
Colorado,2021,3157660,2975830,145038,1448739,1331694,470806,609367,265459,298504,99270,126852,42807,5186282,3978697,1820434,443230
Connecticut,2012,1949251,1762707,177706,910672,721154,306242,428801,133336,173174,87182,116324,37807,3204546,2633543,983714,309481
Connecticut,2013,1958723,1759412,190709,920427,718628,314263,424266,130610,171645,87245,117094,37892,3212454,2592052,1023850,314174
Connecticut,2014,1962119,1766934,186587,933806,729947,316946,419718,130456,169867,88217,119176,38480,3234041,2566103,1070556,301810
Connecticut,2015,1962170,1781417,172292,944059,742911,316659,419056,131637,171154,89031,120409,38803,3258970,2552771,1107788,279629
Connecticut,2016,1957060,1793688,155005,954865,754723,320110,417413,130944,170498,91274,123803,39906,3282924,2541070,1147247,252215
Connecticut,2017,1954364,1805086,140712,973727,767859,321687,412832,133202,169506,93800,127991,41365,3315021,2543986,1184547,226742
Connecticut,2018,1944843,1810445,125909,979748,782135,317535,391417,132514,186844,97310,132796,43056,3333279,2536358,1214576,196809
Connecticut,2019,1940825,1815636,116456,984143,792684,320868,385202,131443,185439,100418,137002,44496,3336643,2521534,1238857,187937
Connecticut,2020,1933145,1807525,116234,994694,804316,312206,377047,129694,184262,102061,139506,45668,3341106,2509995,1256841,179066
Connecticut,2021,1950007,1822995,117631,1004654,821971,310205,369209,132262,189348,106441,145819,47869,3370642,2505862,1286144,186152
Delaware,2012,464607,422219,38591,253946,157671,75746,106191,37930,44681,72069,89415,29733,800148,635649,288084,84434
Delaware,2013,466696,422009,41207,259668,159618,77521,103469,36151,45250,71811,89888,29819,809056,633834,301507,84270
Delaware,2014,469071,426103,39819,265815,162551,77213,103900,36501,45938,72683,90884,30191,821146,638100,311078,81122
Delaware,2015,473007,433816,36223,271942,166385,80159,104802,36837,45633,72993,91588,30554,836681,644689,322036,75107
Delaware,2016,474821,438292,33669,278218,170278,81109,104039,37143,45723,73831,93114,31118,851491,652290,332433,68777
Delaware,2017,474774,441513,30245,287930,175682,78880,103425,37262,46264,76346,97654,32625,867045,668353,335197,62094
Delaware,2018,482623,450946,28501,287170,179939,79843,99715,38827,52622,79814,101100,33989,878252,674095,347151,56491
Delaware,2019,485533,455620,26481,291493,183499,80772,99009,40399,51941,83127,105114,35450,888273,677742,358213,53946
Delaware,2020,489325,456872,28334,297777,186387,78522,98658,40035,53270,84825,107809,36574,896359,683311,370386,55571
Delaware,2021,496804,464457,27993,301994,191707,79853,98223,40594,54080,89545,113479,38917,909797,693962,379023,56442
District of Columbia,2012,348010,308602,36228,165342,183235,48151,54665,9524,13027,78993,125857,45004,554536,416382,205083,40406
District of Columbia,2013,357458,315177,38994,167612,189581,49360,54524,9360,12352,79665,126759,45290,568063,424566,212152,40567
District of Columbia,2014,367510,325838,38496,169261,197217,49462,56393,10082,12684,82791,130984,46502,583120,433450,218353,40009
District of Columbia,2015,377072,337815,35811,169733,205606,51477,58697,9694,12341,85321,134869,47675,599599,442948,223636,37011
District of Columbia,2016,385056,348225,33326,169724,212087,53929,59678,9775,12756,89023,139260,48781,614844,447753,232222,33419
District of Columbia,2017,392421,357701,31279,172194,220783,54613,59671,9589,13045,95995,146574,50832,630700,458444,238895,31158
District of Columbia,2018,401740,369194,29373,171535,230061,55237,58084,9825,15987,105029,155556,53321,647170,469473,242603,27088
District of Columbia,2019,407904,376871,27967,171223,239856,54750,56883,10070,15312,113561,165620,56147,657549,480363,243292,25179
District of Columbia,2020,414396,382108,29290,171785,250232,51907,55564,10168,14237,120337,173874,58659,666771,489794,245525,25288
District of Columbia,2021,405651,373967,28493,162754,252766,48514,50903,8853,12931,127629,181289,63793,650874,484198,234027,22843
Florida,2012,9328439,8220927,1049899,6036456,2746419,1658338,2297185,778062,740923,57128,77660,26451,14764643,11136305,5924716,3806413
Florida,2013,9355809,8202636,1096028,6207725,2760656,1677942,2278846,749587,735605,56738,77438,26236,14943330,11005393,6221260,3835202
Florida,2014,9415088,8335023,1024905,6402523,2817634,1724282,2291150,750501,751456,57176,78507,26499,15318865,11082806,6516355,3730582
Florida,2015,9510681,8541291,915976,6567097,2908404,1756091,2335343,768761,772692,57504,79510,26829,15860768,11376233,6808080,3474482
Florida,2016,9613594,8755427,802016,6725705,3002055,1787073,2371710,797030,797559,59139,81708,27598,16409867,11728520,7067477,3211340
Florida,2017,9772762,9018570,699117,6872624,3122128,1832577,2406985,829789,827091,61442,85154,28774,16984986,12145568,7278611,2982945
Florida,2018,9931799,9253932,622978,7000510,3247478,1864640,2316975,859156,965683,64312,89399,30197,17543755,12563057,7481815,2744513
Florida,2019,10116026,9495353,561448,7085973,3377159,1897257,2335270,888033,997634,67414,93531,31619,17951164,12900284,7610126,2637268
Florida,2020,10308068,9684712,556113,7178515,3520614,1898161,2354471,899472,1011994,69670,96492,32848,18250257,13150816,7710771,2646931
Florida,2021,10448290,9824911,552125,7128734,3666586,1868366,2342482,911442,1036035,74237,102392,35216,18369975,13263169,7709520,2657226
Georgia,2012,4844814,4277991,511530,2663934,1512405,706914,1088320,410562,559790,59198,77926,25309,7724733,6038997,2557655,1786930
Georgia,2013,4852644,4254879,544802,2745530,1517308,716415,1072067,398032,551057,58755,77878,25182,7788656,6013768,2661277,1822057
Georgia,2014,4868842,4300074,519291,2824735,1538179,729694,1075558,395971,560672,59068,78856,25427,7935400,6067383,2770353,1776980
Georgia,2015,4906258,4388274,468932,2885794,1577444,743402,1087692,401570,578166,59410,79648,25737,8132502,6187667,2875926,1680015
Georgia,2016,4957087,4489112,419113,2925878,1627112,755483,1103416,409143,593958,61328,82647,26678,8341825,6339270,2973120,1565414
Georgia,2017,5026306,4606329,372581,2959027,1687624,768220,1117662,418619,614204,64053,86636,28015,8531369,6497755,3037676,1481625
Georgia,2018,5091132,4721065,322854,2991088,1750896,777382,1072605,426130,694052,67405,91173,29523,8719886,6645864,3108401,1389541
Georgia,2019,5174538,4834622,290560,3012725,1819005,788398,1074412,434576,718231,70851,95812,31067,8862562,6762872,3165921,1351097
Georgia,2020,5254983,4910269,291506,3041834,1890233,786601,1082531,430069,720835,74127,99832,32427,8976552,6868070,3211744,1345294
Georgia,2021,5329864,4983753,290843,3055175,1963375,784435,1074970,430761,730212,78834,106071,34516,9067501,6913616,3265466,1371027
Hawaii,2012,727728,642284,46224,366124,214507,145386,164651,64776,52964,79595,95407,29227,1219753,1015184,382704,91677
Hawaii,2013,728795,640072,48748,375739,216022,145052,162340,61959,54699,79963,95757,29305,1230425,1009657,400805,93371
Hawaii,2014,731400,645571,46285,387019,218793,146728,162219,62338,55493,80371,96857,29552,1250332,1015717,416641,89875
Hawaii,2015,736939,653284,42288,393552,222249,148926,161728,63689,56692,80778,98273,29822,1272129,1026384,430113,80221
Hawaii,2016,742161,664616,38768,395643,226051,150747,165402,64493,57923,83451,102538,30970,1291876,1037986,444683,70698
Hawaii,2017,746440,671758,34380,399474,229529,153890,167296,63732,57311,87024,107549,32511,1306313,1047030,459511,63053
Hawaii,2018,749527,677446,32036,397918,231882,157186,158702,64180,65496,90935,112416,34035,1314884,1050936,469008,55624
Hawaii,2019,752064,680258,30269,397083,235922,158257,157348,64054,64677,94982,117075,35567,1316593,1052427,476207,52746
Hawaii,2020,750350,674453,32187,398486,240746,154918,154158,61939,62692,97813,120352,37013,1312365,1049518,486044,52807
Hawaii,2021,764801,680301,37152,409710,249328,152874,152942,62681,62476,103593,127545,39045,1339226,1065017,508310,55965
Idaho,2012,767626,698702,65289,420715,232044,122153,172817,85364,86324,55636,68623,22581,1285892,1051660,420512,261207
Idaho,2013,766649,696190,67189,435350,232160,123575,171730,83412,85313,55905,69270,22568,1301201,1050219,439121,261693
Idaho,2014,768276,703410,61837,447896,234583,126079,171416,84084,87248,56922,71149,23087,1325849,1062276,455657,253291
Idaho,2015,774526,715861,55312,458038,239801,128953,172382,85337,89388,57573,72438,23399,1361030,1080922,477240,234794
Idaho,2016,783014,731170,48385,468261,246920,132620,174455,85682,91493,59652,75141,24280,1396620,1101195,498254,218094
Idaho,2017,794662,748658,42328,476700,256453,133646,175748,88309,94502,62196,78948,25471,1438927,1132326,515617,197418
Idaho,2018,810430,768701,37672,488107,266331,135975,170836,92272,103287,64723,82865,26772,1482628,1162744,536562,183747
Idaho,2019,832286,792237,35879,494846,276794,138760,175875,94081,106727,67762,86668,27970,1516989,1187509,552416,179079
Idaho,2020,858590,818085,35955,501472,294919,138311,178105,99485,107265,70885,90514,29494,1552616,1213511,568370,179490
Idaho,2021,887977,847426,35633,517268,309585,142345,180598,102666,112232,75851,97168,31509,1607662,1241811,603831,182072
Illinois,2012,6719976,6035426,663891,3359457,2181574,1028655,1526612,462090,836495,70144,90809,29519,11009632,8694917,3652966,1632053
Illinois,2013,6718236,5998320,700616,3405883,2183077,1036503,1509578,444958,824204,70344,91452,29666,11021355,8583652,3765697,1646762
Illinois,2014,6718857,6032031,669561,3451632,2204363,1048478,1500220,441705,837265,70967,92664,30019,11126169,8575128,3876523,1563887
Illinois,2015,6712162,6086226,608516,3489625,2241849,1057682,1493597,444435,848663,71546,94076,30494,11295589,8639304,3989360,1398635
Illinois,2016,6697000,6134121,545635,3509768,2280198,1062499,1489090,443197,859137,73714,97197,31502,11438252,8713740,4075730,1233486
Illinois,2017,6690195,6181653,491310,3547688,2321710,1067320,1481082,446857,864684,76533,101360,32924,11594340,8783743,4178203,1079822
Illinois,2018,6679997,6225964,437139,3554677,2370095,1072423,1393893,448917,940636,79747,105865,34463,11714595,8847326,4244179,928612
Illinois,2019,6663517,6250862,394981,3551981,2421993,1073272,1366039,451379,938179,83279,110401,36038,11731871,8857221,4254404,859612
Illinois,2020,6650033,6236755,395142,3543571,2480774,1046689,1339084,450957,919251,86251,113734,37306,11682181,8854882,4220945,854433
Illinois,2021,6705184,6273473,413041,3570794,2555193,1038968,1310129,450520,918663,91408,120630,39571,11761037,8893093,4258279,885820
Indiana,2012,3292887,2978847,309363,1774492,953358,504456,720102,270134,530797,60012,73803,24558,5483924,4444745,1779715,901006
Indiana,2013,3283407,2963879,315476,1815932,950886,509612,708542,263121,531718,59911,74058,24635,5501129,4397476,1840316,913679
Indiana,2014,3288362,2994736,290469,1842955,964687,513303,707351,261696,547699,60440,75012,24953,5554137,4399232,1892799,888650
Indiana,2015,3300531,3038762,258739,1860255,983127,517254,708055,268110,562216,61119,76352,25346,5640622,4442345,1942040,828342
Indiana,2016,3316952,3085179,228929,1868841,1003818,522908,712936,272936,572581,62748,78680,26117,5742314,4496102,2005291,747942
Indiana,2017,3329372,3124295,202199,1886968,1037693,521924,709695,274526,580457,65227,82057,27305,5844104,4555186,2063744,671254
Indiana,2018,3348477,3164414,180969,1895041,1066465,523048,671079,277436,626386,68054,85472,28461,5941997,4604459,2126240,596543
Indiana,2019,3367521,3202509,161351,1906381,1096365,526719,666741,282119,630565,71164,89571,29777,6014666,4636748,2175634,551909
Indiana,2020,3383365,3219679,159865,1923002,1129262,519055,664040,278799,628523,73265,91731,30693,6069525,4661179,2219392,528176
Indiana,2021,3416171,3250923,160490,1927058,1169138,513964,655339,280243,632239,77860,97617,32537,6125382,4669703,2262256,530422
Iowa,2012,1651480,1557331,91676,754184,524386,258756,374917,148358,250914,64772,78040,26545,2739108,2300286,871595,262227
Iowa,2013,1650140,1553030,94913,769962,527821,259384,371505,146452,247868,65802,79574,27027,2757233,2291465,898794,259630
Iowa,2014,1653714,1562492,89414,780528,536702,258198,369512,147530,250550,66829,81424,27621,2786083,2292024,924270,247162
Iowa,2015,1656968,1573510,81735,790433,542576,261689,367136,147292,254817,67466,82413,27950,2826406,2306715,954658,222701
Iowa,2016,1664170,1587178,75289,795421,554422,261576,364658,148783,257739,69419,85136,28872,2868244,2315976,989481,194710
Iowa,2017,1670448,1599718,69018,800164,564694,263453,363159,151391,257021,72270,88682,30063,2901798,2328596,1012824,172418
Iowa,2018,1676339,1609481,65216,808015,574880,264097,339553,153472,277479,74794,91704,31085,2936373,2337073,1046018,152469
Iowa,2019,1678141,1613902,62573,814652,585013,262868,333318,153908,278795,77099,94695,32176,2951518,2329732,1071155,144607
Iowa,2020,1679440,1611524,65738,825100,598690,255711,328437,154293,274393,79186,97161,33021,2960859,2319834,1092389,145633
Iowa,2021,1689338,1620796,65900,834311,609180,253347,326164,155994,276111,83979,102990,34817,2985816,2317568,1118938,152516
Kansas,2012,1513938,1395634,100505,694425,500319,232741,337471,140553,184550,64731,80888,26845,2439215,2062731,713673,352636
Kansas,2013,1509187,1387071,104341,713028,503116,232497,330358,138197,182903,65069,81598,26929,2451098,2052186,734721,357785
Kansas,2014,1507003,1391836,97951,729418,508334,233218,326044,137778,186462,65804,83035,27367,2480701,2062930,756193,343475
Kansas,2015,1507080,1401197,88454,740762,515070,234511,321905,139022,190689,66389,84265,27706,2515753,2080953,775942,318119
Kansas,2016,1505247,1408918,79000,750669,523135,235221,321104,137602,191856,68231,86732,28478,2541808,2098510,794054,297544
Kansas,2017,1509484,1420045,71009,755149,538249,234291,318417,137407,191681,70711,89979,29600,2569336,2118949,808712,274403
Kansas,2018,1511705,1428660,65038,760860,543697,237349,300794,137536,209284,73222,93587,30757,2592817,2131474,823948,256512
Kansas,2019,1519790,1440453,61002,759056,556334,238501,298266,137225,210127,75976,96737,31814,2600061,2138409,829218,251030
Kansas,2020,1523349,1444074,61359,762572,566197,235745,295151,136916,210065,77620,99062,32798,2604426,2140115,835621,249223
Kansas,2021,1530430,1450216,61847,769047,576682,234620,293960,136450,208504,82260,104742,34968,2619458,2136793,851207,256001
Kentucky,2012,2071789,1859549,194610,1361737,599337,310740,454764,189604,305104,53833,68559,23210,3650883,2784422,1379410,600645
Kentucky,2013,2076555,1857767,201987,1377552,605972,310340,451585,185726,304144,54279,69402,23462,3658965,2768639,1401462,614786
Kentucky,2014,2079258,1870879,192877,1397443,612516,313627,452063,181594,311079,54928,70337,23741,3730707,2781219,1471091,566083
Kentucky,2015,2080437,1891381,174308,1412661,622759,318695,451789,180841,317297,55367,71153,24063,3821976,2796136,1560016,490262
Kentucky,2016,2085433,1914189,156509,1425632,632394,319664,454253,179689,328189,56522,73193,24802,3911579,2812804,1648455,415778
Kentucky,2017,2093572,1938150,140717,1432494,645598,323467,456935,179029,333121,59003,76499,25888,3998992,2828848,1735422,341351
Kentucky,2018,2101888,1959442,128358,1440904,662310,326445,426842,179662,364183,61059,79553,26948,4091779,2839537,1828939,265416
Kentucky,2019,2109169,1978477,116945,1444700,682556,325164,424737,179942,366078,63684,83043,28178,4117796,2835843,1861843,248714
Kentucky,2020,2121356,1993889,113295,1446156,701287,322119,423463,180414,366606,65893,85749,29123,4133261,2846171,1882476,246078
Kentucky,2021,2135988,2009185,112695,1452221,718077,317925,422590,178164,372429,70178,90939,30634,4159118,2838461,1915109,257226
Louisiana,2012,2192304,1993119,182864,1350251,626510,374575,492899,252253,246882,56047,73466,24264,3663319,2649169,1472664,762016
Louisiana,2013,2203325,1995378,192166,1374635,633208,377217,489297,247268,248388,56288,73921,24442,3700431,2651575,1504735,763555
Louisiana,2014,2206928,2002410,189644,1403101,638903,384169,485169,244370,249799,56755,75064,24775,3750249,2669569,1540303,747454
Louisiana,2015,2208869,2016049,178150,1425294,654118,386937,481939,244473,248582,57144,75804,24981,3822370,2717728,1571226,699752
Louisiana,2016,2209139,2025728,168326,1445774,666169,391605,478367,241025,248562,58068,77509,25515,3901152,2756186,1623022,641160
Louisiana,2017,2204055,2031238,157186,1469952,672365,389700,481307,238021,249845,60064,79831,26205,3992645,2787120,1692916,566927
Louisiana,2018,2197041,2031115,149850,1480939,681589,391761,450431,236260,271074,61785,82523,27027,4072162,2787281,1785609,487112
Louisiana,2019,2191990,2033758,141020,1490708,694364,390254,447126,233659,268355,63572,85218,27923,4127478,2767380,1869189,431416
Louisiana,2020,2185171,2023915,142088,1502936,715228,379727,439252,224611,265097,65427,88371,29522,4161694,2742697,1938529,395259
Louisiana,2021,2179709,2013907,146299,1499812,731491,373546,428393,221493,258984,69093,92154,30340,4177953,2692592,2005256,377126
Maine,2012,706163,651335,52318,383592,225204,118168,159268,72169,76526,60408,74550,26464,1179601,885055,484910,134501
Maine,2013,703066,647099,53866,389783,227403,118513,155969,70871,74343,61107,75527,26824,1177659,874521,493357,136130
Maine,2014,700142,646438,51931,395077,228383,118422,155031,70518,74084,61824,76851,27332,1177591,869339,498929,136759
Maine,2015,697913,648687,47497,400162,229781,120088,155292,69640,73886,62279,77831,27655,1182794,875890,498505,132030
Maine,2016,696028,652638,41620,405660,234520,120381,153816,69796,74125,64294,80057,28473,1190880,889142,494765,124723
Maine,2017,697342,658693,36790,407186,241309,120502,152919,70206,73757,67340,83796,29886,1196879,904059,486545,118775
Maine,2018,699180,665188,32203,410177,247467,120974,146416,70257,80074,70370,87523,31253,1207993,918696,484847,109641
Maine,2019,701270,670417,28922,412779,255721,119857,144027,70802,80010,73756,91617,32637,1216025,927791,487981,103829
Maine,2020,706220,675784,28442,414558,262159,117869,141997,72803,80956,76192,94310,33774,1223980,938174,493568,101045
Maine,2021,713221,681187,30163,421572,270644,115875,140132,72099,82437,81740,101983,36171,1243077,944848,508487,98944
Maryland,2012,3199290,2924344,246720,1399424,1279592,487271,687203,239791,230487,88092,110686,36056,5076842,4286631,1430487,609773
Maryland,2013,3214633,2926198,260567,1431146,1292634,494955,679897,232132,226580,88738,111740,36354,5134261,4275970,1509613,602791
Maryland,2014,3233680,2949440,257918,1462088,1311059,501390,673989,233699,229303,89416,112955,36670,5222379,4291084,1599423,571092
Maryland,2015,3241222,2976504,238027,1496183,1326578,511841,671460,233352,233273,90089,113668,36897,5313662,4318257,1679957,523072
Maryland,2016,3249911,3005753,216086,1514990,1350227,515463,668392,233407,238264,92049,116461,37756,5389007,4346409,1749054,475885
Maryland,2017,3267069,3040792,198375,1533782,1376291,521617,664131,236706,242047,95597,120839,39070,5467934,4381721,1812880,433369
Maryland,2018,3261655,3051333,181089,1547555,1392767,523719,623723,236722,274402,99403,125351,40517,5525043,4394643,1874088,382130
Maryland,2019,3269234,3073886,164396,1557970,1422652,526719,611281,237276,275958,103108,130482,42122,5561644,4410864,1910211,359135
Maryland,2020,3275954,3076280,167571,1570122,1452698,509548,600435,238846,274753,105790,133817,43352,5586014,4421288,1942647,352186
Maryland,2021,3330279,3120977,175507,1601286,1502928,500430,594176,243359,280084,111378,141430,45915,5689577,4487921,2006961,360098
Massachusetts,2012,3614094,3302990,305515,1706329,1427312,562727,785567,234051,293333,84380,108062,35485,6219325,4990869,2033795,259871
Massachusetts,2013,3636347,3308547,322730,1734905,1441891,573375,771376,228865,293040,84900,109134,35763,6261992,4946974,2115842,262859
Massachusetts,2014,3667612,3354036,309050,1759795,1472402,588268,767221,232134,294011,86132,111411,36441,6325711,4935536,2190607,252920
Massachusetts,2015,3700701,3415975,280164,1778801,1510715,602742,767408,235906,299204,87085,112945,36895,6391805,4937598,2268955,235963
Massachusetts,2016,3725838,3468864,252347,1796397,1549117,612815,768471,237241,301220,90180,116766,38069,6451367,4953499,2331261,214158
Massachusetts,2017,3755481,3525672,224856,1820695,1597150,623336,761992,238363,304831,94110,121984,39913,6513408,4982962,2386623,200294
Massachusetts,2018,3778642,3570257,203464,1841349,1643529,624434,726280,241808,334206,98625,128072,41794,6566545,5001165,2441507,189470
Massachusetts,2019,3800931,3612375,183355,1847174,1690459,625045,717181,242426,337264,103126,133746,43761,6593146,5029053,2456992,184322
Massachusetts,2020,3815083,3615725,193769,1862942,1736511,606043,699855,240326,332990,106526,139154,45555,6614995,5068095,2457888,185687
Massachusetts,2021,3882484,3667019,209959,1891422,1796224,597671,688208,245868,339048,112543,148067,48617,6729979,5145833,2508398,192326
Michigan,2012,4889594,4269865,614849,2959964,1459146,792133,1056849,336308,625429,60749,76708,25547,8653751,6859512,3169919,1128261
Michigan,2013,4864014,4242948,616469,3001336,1460410,788907,1039814,330930,622887,60793,77082,25681,8642226,6773036,3255581,1130793
Michigan,2014,4852108,4293574,554747,3041863,1490512,789547,1033226,332116,648173,61684,78408,26143,8711274,6777946,3340481,1065883
Michigan,2015,4855005,4373518,477746,3070983,1525263,796215,1037272,339141,675627,62247,79572,26607,8845904,6834279,3437050,943241
Michigan,2016,4866369,4449717,412934,3087212,1561940,804879,1042094,347980,692824,63958,82348,27549,8974782,6893632,3531837,823602
Michigan,2017,4890342,4524874,361624,3095566,1612577,803485,1039958,356023,712831,66653,86137,28938,9111760,6966211,3620082,702954
Michigan,2018,4923316,4598487,321008,3104633,1659703,815617,981395,363017,778755,69691,90116,30336,9250420,7026257,3721479,597044
Michigan,2019,4953003,4654930,293894,3096766,1705832,820083,973858,369098,786059,72600,93955,31713,9313111,7039992,3784591,542855
Michigan,2020,4961054,4658357,298142,3109565,1752147,805030,962900,366692,771588,75470,97175,32854,9337676,7057536,3815034,528400
Michigan,2021,5007906,4692409,310551,3128587,1797451,792398,951754,369631,781175,80365,103151,34768,9430038,7094563,3872426,529451
Minnesota,2012,2955309,2745021,207462,1224778,1056181,448956,663263,224300,352321,74032,91321,30656,4799301,4053907,1389463,454463
Minnesota,2013,2961476,2748174,210815,1251261,1065725,456407,654658,219039,352345,74683,92087,30913,4836178,4045557,1438041,452715
Minnesota,2014,2976014,2781933,192010,1271685,1089675,462796,652184,219519,357759,76190,94560,31642,4904424,4064182,1498456,420827
Minnesota,2015,2996985,2827195,167764,1284156,1115444,468669,652861,223680,366541,77055,96258,32157,4983791,4089759,1565919,377070
Minnesota,2016,3012522,2864441,145853,1299114,1140462,470199,655816,228028,369936,79595,99626,33225,5064015,4130467,1631718,328556
Minnesota,2017,3036696,2904103,130510,1310717,1165110,478548,655065,231994,373386,82785,104103,34712,5138406,4159190,1694035,294386
Minnesota,2018,3053005,2931458,119218,1326003,1194621,477398,621782,234661,402996,86204,109028,36245,5214625,4186967,1764038,254764
Minnesota,2019,3072244,2958615,111115,1338332,1220432,478328,615859,236977,407019,89842,113077,37625,5259270,4203234,1805106,246184
Minnesota,2020,3078339,2957615,117117,1366217,1248858,465932,602723,237260,402842,92692,116714,38881,5289521,4229748,1827544,251900
Minnesota,2021,3109813,2980477,125307,1386139,1283422,463728,591110,236538,405679,98356,123870,41204,5356476,4266671,1863188,258292
Mississippi,2012,1361499,1204869,143126,939368,370863,212283,287012,141212,193499,48300,63148,20670,2392262,1667737,1035758,506225
Mississippi,2013,1355687,1194436,149148,957272,368427,213619,284515,135719,192156,48471,63155,20618,2401348,1651617,1058555,507514
Mississippi,2014,1356974,1198828,147210,966249,373184,214860,284324,135042,191418,49125,64194,20956,2426786,1662021,1076952,489849
Mississippi,2015,1352993,1203914,138445,980161,374592,214247,284199,133580,197296,49274,64296,21057,2459002,1677619,1097812,462187
Mississippi,2016,1351797,1212650,128840,986953,377812,218929,284556,132138,199215,50592,66185,21651,2496059,1702115,1117993,427828
Mississippi,2017,1349864,1221828,117786,991575,384944,218476,283884,132314,202210,52689,68673,22500,2522981,1725468,1124046,398647
Mississippi,2018,1349340,1228537,110036,1000951,392309,220474,264557,131077,220120,54933,71577,23434,2552290,1747793,1134482,370357
Mississippi,2019,1346678,1235224,99733,1007423,398174,222735,260763,129689,223863,57008,74380,24369,2558306,1749300,1138913,358580
Mississippi,2020,1351695,1243095,95379,1005331,411751,221167,258813,128998,222366,58923,77072,25444,2562055,1766112,1135618,350002
Mississippi,2021,1345038,1240790,91177,999379,420798,214602,256752,126257,222381,62802,81636,26807,2551338,1754929,1131529,350775
Missouri,2012,3062560,2781791,259574,1667081,954089,491187,703229,257401,375885,59395,75484,25546,5100832,4089947,1714971,766671
Missouri,2013,3059214,2770617,267644,1696656,956605,498458,696630,247212,371712,59527,75926,25649,5115811,4066792,1749310,776915
Missouri,2014,3054519,2779991,254534,1727334,971506,503063,695968,242466,366988,60414,77368,26006,5152829,4070511,1774209,761852
Missouri,2015,3053938,2807996,226528,1749738,987920,506610,693967,246927,372572,60809,77951,26259,5205916,4097395,1803877,726533
Missouri,2016,3055025,2835183,200143,1768198,1002977,504806,697689,248099,381612,62285,80299,27044,5272765,4142647,1831875,673329
Missouri,2017,3062657,2867393,175919,1781848,1029318,505488,694925,250987,386675,64776,83724,28282,5339971,4196872,1850875,621543
Missouri,2018,3062496,2888094,155958,1801569,1053667,501463,656813,254642,421509,67612,87430,29537,5395736,4226236,1883050,581002
Missouri,2019,3074639,2916000,139789,1807094,1077985,503637,646716,256836,430826,70398,91107,30810,5430752,4243951,1908817,559885
Missouri,2020,3090253,2932918,138673,1813325,1110798,492834,641841,256729,430716,72834,93919,31839,5446869,4249202,1919977,565099
Missouri,2021,3104195,2945966,138820,1806582,1144175,480298,631894,254619,434980,77976,100355,33770,5460824,4245920,1931451,575152
Montana,2012,517348,478254,35541,277037,167489,90633,113548,59967,46617,58951,71880,25002,805236,653765,278989,169971
Montana,2013,518296,477015,37702,282903,167555,91789,112680,59096,45895,59743,73302,25373,812164,649707,290839,170829
Montana,2014,519814,481119,35284,288103,170625,92344,111218,60405,46527,60581,75070,25977,825666,652215,303618,165335
Montana,2015,521330,485446,32361,293331,174485,92836,110210,61922,45993,61271,76701,26381,843946,662087,315305,155267
Montana,2016,523599,490742,29382,298931,178614,93728,109528,62280,46592,63214,79987,27309,869709,673175,333148,138237
Montana,2017,526388,497995,25076,301810,181703,94399,111134,62437,48322,65843,83860,28706,896130,688360,348220,118466
Montana,2018,532854,507249,22433,305954,186543,96615,106780,63152,54159,68139,86881,29765,921676,697398,369276,104910
Montana,2019,536872,512329,21513,310408,191153,97205,106577,62265,55129,71079,90757,31151,942477,701702,390256,93166
Montana,2020,545629,520043,22541,313556,194908,97756,108873,61113,57393,72773,94034,32463,958813,699509,415029,87857
Montana,2021,552144,526641,22303,320455,200988,97543,107724,62489,57897,77152,99765,34423,972622,702765,426804,90973
Nebraska,2012,1008534,946986,55912,411043,329845,157811,234266,96132,128932,64820,79249,26523,1593137,1346351,465281,204804
Nebraska,2013,1011281,948701,57525,420147,333619,157967,233074,95442,128599,65328,80519,26899,1605360,1346069,477179,207593
Nebraska,2014,1016841,957508,54785,425851,339029,160654,232773,96209,128843,66188,81503,27339,1625947,1356642,488156,201560
Nebraska,2015,1020419,968134,47602,433738,345011,161784,232498,98766,130075,67225,83230,27882,1651833,1376009,494459,189101
Nebraska,2016,1024737,977353,42544,439135,353576,163514,232070,97393,130800,69207,85571,28596,1673395,1392949,501192,179414
Nebraska,2017,1031005,987216,38881,443708,363062,161774,231366,98271,132743,72191,89487,29866,1696460,1412509,507070,168568
Nebraska,2018,1035610,993836,36545,447551,370034,163680,218233,98724,143165,75123,93333,31101,1717637,1426167,517405,157831
Nebraska,2019,1039498,999212,34535,452288,377852,163108,214828,100259,143165,78212,97347,32302,1731013,1433665,522871,153837
Nebraska,2020,1040763,999772,35114,460050,388055,159019,212022,98765,141911,80125,99693,33205,1740040,1435016,535075,154287
Nebraska,2021,1052366,1011989,34474,467049,396929,160031,210072,99686,145271,85162,106469,35189,1769471,1448945,552066,154395
Nevada,2012,1414374,1237659,166416,700932,342172,335591,323253,116781,119862,62789,79537,27003,2090571,1731155,619406,577628
Nevada,2013,1414220,1229604,175142,729321,341708,340399,317255,110377,119865,61359,78302,26589,2110960,1711928,657538,583791
Nevada,2014,1415924,1240614,166167,759797,344652,345082,322193,107643,121044,61081,78301,26515,2172464,1724533,713798,553892
Nevada,2015,1424596,1267312,148467,785963,351244,352011,329553,110252,124252,60916,78418,26541,2258127,1753840,778071,505573
Nevada,2016,1443621,1302162,133525,804856,365010,355536,338112,112738,130766,62528,80671,27253,2350721,1792015,839929,453395
Nevada,2017,1465320,1341358,116285,827166,381372,362349,343474,116784,137379,65469,84382,28450,2454719,1844304,901573,397974
Nevada,2018,1480282,1370603,101748,842544,398596,360907,330455,120118,160527,68700,88777,29961,2543371,1884408,962484,344104
Nevada,2019,1507387,1406568,92426,859011,416281,365615,327819,126907,169946,71916,93624,31557,2609462,1919628,999232,327013
Nevada,2020,1534671,1425040,100222,884881,439862,358194,326953,128606,171425,74077,96532,32629,2659502,1948791,1030710,334130
Nevada,2021,1549597,1429447,109512,893511,452720,349675,320796,131231,175025,78456,102444,34621,2681547,1956012,1047799,340894
New Hampshire,2012,745330,694736,48926,323318,272742,108775,172999,62554,77666,79488,95859,32758,1166489,1005772,317645,136162
New Hampshire,2013,743855,690769,51670,330622,271736,109023,171166,61636,77208,79886,96947,33134,1167354,996340,329423,137018
New Hampshire,2014,742731,693329,48029,338064,274354,109426,169716,63186,76647,80812,98683,33821,1172061,994734,336734,134254
New Hampshire,2015,742874,698810,42733,344638,278333,110105,169158,63134,78080,81726,100306,34362,1187005,998717,352442,122052
New Hampshire,2016,746203,706801,37727,348580,281559,113321,170402,62613,78906,83709,103069,35264,1200297,1002056,367674,110652
New Hampshire,2017,748779,713424,33566,353488,287692,113867,169930,62323,79612,86949,107500,36914,1216855,1010341,382041,98020
New Hampshire,2018,756239,724017,30392,358578,294175,116752,163856,61592,87642,91245,112822,38548,1239969,1019536,399632,86274
New Hampshire,2019,759081,729701,27430,362578,301013,117307,159145,62109,90127,95244,117422,40003,1252217,1020752,415056,79069
New Hampshire,2020,761007,730223,28479,369001,306308,116785,155896,63592,87642,97001,120331,41234,1258301,1025907,421762,80071
New Hampshire,2021,769793,738506,28947,374975,314716,114676,154949,65204,88961,104193,128164,43877,1276144,1038561,429162,80005
New Jersey,2012,4672338,4219677,443328,2312991,1692449,690708,1084164,314882,437474,87389,112730,35928,7589263,6321224,2193794,1093464
New Jersey,2013,4677666,4197483,472094,2351129,1693245,699730,1065523,305937,433048,87347,113394,36027,7603415,6255232,2264163,1119796
New Jersey,2014,4695156,4235089,453097,2385025,1722379,710670,1056127,306736,439177,87999,114618,36359,7667922,6235340,2349829,1098747
New Jersey,2015,4702508,4281760,413343,2417646,1751411,716343,1059562,308667,445777,88335,115568,36582,7773154,6251122,2446407,1023450
New Jersey,2016,4699613,4322619,368870,2444041,1782256,720932,1055423,310447,453561,90757,118771,37538,7868933,6278959,2537502,938966
New Jersey,2017,4724242,4388024,328167,2472973,1830109,727533,1056458,312951,460973,94337,123936,39069,7998102,6336083,2628552,856275
New Jersey,2018,4684112,4390602,285084,2458063,1860424,714830,999943,313388,502017,98047,129025,40895,8033794,6328839,2686456,743045
New Jersey,2019,4689849,4422491,258093,2458460,1905627,712040,981612,317509,505703,102260,134704,42745,8090314,6342042,2739911,683679
New Jersey,2020,4709106,4426619,271795,2452078,1954559,694946,959877,310057,507180,104804,138130,44153,8117243,6370543,2755536,662917
New Jersey,2021,4905036,4588902,304973,2531257,2070173,699743,970893,321846,526247,110115,146057,46691,8439671,6567194,2899550,689666
New Mexico,2012,979619,882461,88267,618304,309535,176470,210196,105222,81038,54221,70760,23749,1624065,1129173,721310,397034
New Mexico,2013,979565,876823,94111,633165,308827,179888,206359,102092,79657,54513,71019,23763,1644696,1120765,752706,390915
New Mexico,2014,977579,875947,93106,647576,311860,180054,203765,99875,80393,54801,71580,23948,1675918,1118954,789184,370133
New Mexico,2015,973891,876035,88924,659419,309877,182601,203580,99166,80811,55049,72050,24012,1713355,1116586,832436,336347
New Mexico,2016,966377,876210,81175,671217,310997,181579,204638,98047,80949,55900,73277,24459,1753906,1121190,875600,294187
New Mexico,2017,962123,879201,73710,681585,313896,182940,205160,96930,80275,57436,75588,25257,1793939,1121442,921057,256162
New Mexico,2018,960566,882735,68370,695203,317113,182977,198087,96941,87617,59175,78165,26085,1837116,1130017,963505,220410
New Mexico,2019,961999,888646,63458,699647,323919,183889,196068,96351,88419,61102,81023,27230,1859479,1130805,994103,197607
New Mexico,2020,962807,889193,62580,709222,335717,174854,193676,95937,89009,62611,82405,27945,1865643,1125395,1012852,194896
New Mexico,2021,964460,889428,63136,718108,343312,172982,187244,95549,90341,66533,87466,29624,1873156,1119568,1031711,200063
New York,2012,9969586,9073362,869729,5645536,3480143,1799234,2239502,680700,873783,69968,96853,32104,16976458,12827926,6271134,2161817
New York,2013,10009187,9062757,921607,5708096,3508106,1816425,2207145,669818,861263,70670,97941,32382,17087639,12719007,6474570,2143603
New York,2014,10054448,9137540,893092,5778295,3553854,1850031,2194062,669274,870319,71419,99640,32829,17290103,12703988,6697058,2052554
New York,2015,10107278,9254578,829141,5814659,3627956,1879463,2198961,673298,874900,71913,100948,33236,17550259,12753304,6932536,1877051
New York,2016,10123078,9340878,759224,5841872,3703893,1886907,2197680,673905,878493,74036,104233,34212,17785491,12842299,7134416,1668092
New York,2017,10176202,9467631,685368,5904779,3803745,1905936,2194508,682459,880983,77141,109230,35752,18074610,12972574,7361335,1481650
New York,2018,10070138,9445023,602636,5881859,3850124,1893645,2068342,677181,955731,80419,114090,37470,18123450,12950832,7478376,1255168
New York,2019,10069219,9498320,547509,5867025,3937580,1900360,2032222,677985,950173,84385,119540,39326,18216740,12994267,7573943,1117159
New York,2020,10032721,9438639,570570,5876219,4025303,1847343,1977471,663047,925475,87270,123221,40898,18239538,13031045,7600094,1037271
New York,2021,10331727,9663517,642913,6051700,4204721,1867332,1974527,671791,945146,92731,131094,43208,18818637,13338844,7934628,1059370
North Carolina,2012,4832418,4246096,497589,2691252,1497593,728109,1017315,430804,572275,57146,74684,25285,7829667,6065117,2828515,1511700
North Carolina,2013,4850140,4234977,527430,2772090,1513080,744260,1010505,406778,560354,56928,74863,25284,7920992,6053781,2942268,1529230
North Carolina,2014,4879118,4287690,505668,2838512,1541258,758433,1016981,403182,567836,57328,75892,25608,8072475,6131516,3039062,1479285
North Carolina,2015,4909108,4372773,453420,2903486,1583227,772051,1023814,410749,582932,57856,77040,25920,8259444,6244106,3144431,1390162
North Carolina,2016,4948265,4460824,404584,2959650,1628060,786113,1038479,414947,593225,59667,79446,26779,8455476,6379468,3246068,1290195
North Carolina,2017,5019831,4571020,352287,3001888,1686248,797267,1055248,422908,609349,62195,83338,28123,8658835,6540805,3321781,1186403
North Carolina,2018,5071505,4665822,312610,3053394,1746690,804288,1004157,429622,681065,65097,87271,29456,8851312,6686506,3403413,1100719
North Carolina,2019,5139789,4764135,281344,3093659,1809046,814186,1003016,444509,693378,68435,91227,30783,8983255,6781282,3469932,1076994
North Carolina,2020,5210600,4833887,278344,3141655,1881947,810312,1011040,436607,693981,70978,94483,31993,9093981,6869788,3526254,1084103
North Carolina,2021,5219602,4845768,273629,3116929,1932646,790717,995405,437710,689290,75815,101094,34209,9076155,6836051,3526435,1092162
North Dakota,2012,383089,364782,12709,160181,125873,63270,86345,45188,44106,68293,83141,28700,595924,526715,158508,65028
North Dakota,2013,389669,371612,12617,163357,128509,63978,86543,46883,45699,70767,86449,29732,608048,536725,161419,66609
North Dakota,2014,397250,379972,12213,166505,132325,65934,86342,48307,47064,72770,90140,30894,624733,549817,167201,65428
North Dakota,2015,404820,387716,11464,170791,135673,65679,87277,51025,48062,74708,93044,32035,642145,562928,171717,64162
North Dakota,2016,412931,395584,11250,172439,139588,67471,87466,50345,50714,77277,96309,33107,658279,576132,177148,62033
North Dakota,2017,417893,400454,11085,174386,144412,68323,87386,49833,50500,80091,99878,34256,670578,584587,182556,58701
North Dakota,2018,418604,400841,11689,177138,147326,69746,81273,49201,53295,83272,103731,35373,681756,590899,188273,54485
North Dakota,2019,420291,402322,11406,177980,150019,68887,81181,49227,53008,86249,105819,36062,685779,592173,190704,54427
North Dakota,2020,421736,401579,12861,178113,153663,68683,80224,47770,51239,86798,106573,36289,689270,592124,196720,53835
North Dakota,2021,424182,403612,13152,183789,156596,70138,78680,47435,50763,92066,111910,37343,699604,595545,203891,57010
Ohio,2012,5880517,5300141,569218,3257971,1803448,936884,1314054,420506,825249,61163,76523,25857,10037542,8022270,3425095,1318597
Ohio,2013,5859516,5266386,582953,3310968,1811034,942008,1291770,409801,811773,61371,77195,26046,10056062,7919412,3531790,1317967
Ohio,2014,5848381,5303013,536573,3349287,1838874,941671,1287262,408896,826310,62104,78539,26520,10149161,7886607,3655096,1237272
Ohio,2015,5852224,5366673,477251,3377173,1881496,943596,1282772,412513,846296,62817,79891,26953,10294292,7901673,3801624,1108605
Ohio,2016,5857720,5425647,423956,3398139,1921401,948351,1284064,412735,859096,64433,82269,27800,10443792,7918881,3952861,970187
Ohio,2017,5875255,5488180,378735,3415557,1974984,951545,1276727,414193,870731,66885,85559,29011,10588908,7951527,4070750,847730
Ohio,2018,5901307,5549577,343232,3431483,2026041,954101,1209670,416148,943617,69837,89168,30304,10725441,7972087,4202287,743259
Ohio,2019,5918471,5595444,314483,3438113,2070254,960511,1197246,417199,950234,72439,92726,31552,10780020,7972137,4268309,702499
Ohio,2020,5927187,5603630,313829,3458406,2108045,945383,1185082,416972,948148,74391,95193,32465,10793219,7970492,4287377,708532
Ohio,2021,5981645,5656463,314406,3467837,2172892,934501,1175651,420233,953186,79470,101540,34526,10866334,7997907,4322066,735559
Oklahoma,2012,1834109,1689965,122629,1090355,549453,295459,421340,204233,219480,56068,71663,24046,2981811,2283986,1138748,681834
Oklahoma,2013,1834366,1686404,127842,1116417,551617,298034,416911,201897,217945,56464,72367,24208,3023037,2286851,1176993,679478
Oklahoma,2014,1843140,1699610,124804,1134695,562025,300128,414893,199754,222810,57299,73941,24695,3075817,2315865,1204848,661609
Oklahoma,2015,1854061,1719541,115978,1149119,571918,303533,416136,200510,227444,58029,75271,25032,3140751,2357795,1233938,627673
Oklahoma,2016,1861235,1733000,110120,1164024,580967,304963,417622,199941,229507,59742,77212,25628,3200667,2396219,1263489,594148
Oklahoma,2017,1869043,1746419,105375,1174218,594689,304702,416270,199517,231241,61541,79941,26461,3249592,2432776,1285054,566777
Oklahoma,2018,1878306,1761328,99087,1185090,606210,305982,396349,199324,253463,63574,82950,27432,3291998,2469516,1301880,545570
Oklahoma,2019,1885928,1772123,94834,1194249,615904,310390,392689,199411,253729,65544,85847,28422,3309818,2477793,1317434,541405
Oklahoma,2020,1893873,1779157,95441,1203485,633094,307078,389120,195883,253982,67511,88048,29873,3310379,2474157,1329097,556644
Oklahoma,2021,1902597,1786742,94856,1191629,649198,305246,381464,195995,254839,71155,92549,30976,3315089,2468080,1343419,554123
Oregon,2012,1957085,1743524,210379,1115689,627719,315529,426554,164625,209097,61438,77630,26702,3191034,2577069,1093370,605847
Oregon,2013,1961287,1736894,221191,1144739,634691,318427,419680,157860,206236,61609,78028,26809,3225695,2555840,1154634,603893
Oregon,2014,1961375,1752414,206222,1177777,642885,325819,417744,156774,209192,61890,79373,27173,3305170,2546568,1255745,556283
Oregon,2015,1976314,1789807,184016,1201355,662173,333964,419477,158863,215330,62964,80948,27684,3420441,2578617,1358757,480330
Oregon,2016,1995937,1832620,160797,1223817,687982,340333,425966,160561,217778,65479,84441,28822,3532593,2630821,1438518,410770
Oregon,2017,2026747,1885983,138139,1233328,718991,344139,432409,167497,222947,69031,89078,30410,3633545,2676727,1505586,352236
Oregon,2018,2061035,1934643,123485,1252339,748718,351967,413993,173847,246118,72823,94186,32045,3748383,2728149,1586088,293690
Oregon,2019,2096692,1979043,114559,1264496,780028,356076,415532,176578,250829,76946,98950,33763,3813999,2780897,1606116,275522
Oregon,2020,2134435,2014487,116297,1273987,813564,354338,417359,179755,249471,80630,103600,35393,3861117,2827323,1618554,274414
Oregon,2021,2150814,2026107,120586,1283448,830571,352631,413446,179832,249627,86066,110885,37816,3889071,2835679,1637274,278280
Pennsylvania,2012,6487488,5930125,548580,3778155,2129633,1017441,1468892,505997,808162,65980,84421,28190,11284898,9221385,3858213,1207901
Pennsylvania,2013,6503761,5914876,581533,3806643,2143993,1029157,1451596,493001,797129,66646,85586,28502,11296309,9145205,3932285,1229005
Pennsylvania,2014,6508402,5946480,556468,3842894,2168039,1042444,1445252,492477,798268,67521,86912,28912,11358157,9131496,4006509,1195810
Pennsylvania,2015,6521759,6001889,514993,3863052,2202299,1056168,1439725,495496,808201,68158,87959,29291,11468414,9159582,4095378,1106674
Pennsylvania,2016,6516915,6043693,468440,3885865,2247642,1065358,1427752,494564,808377,69960,90446,30137,11579382,9182194,4211358,1000216
Pennsylvania,2017,6523666,6096977,422016,3896305,2297693,1063494,1420974,498590,816226,72692,94204,31476,11693210,9210968,4320037,893635
Pennsylvania,2018,6536846,6151998,379765,3895660,2349748,1071092,1336980,503095,891083,75477,97993,32889,11802355,9220970,4448586,785624
Pennsylvania,2019,6553389,6199456,347378,3889574,2408478,1075280,1314706,503424,897568,78521,102124,34352,11872063,9187926,4569485,715285
Pennsylvania,2020,6566126,6206839,351248,3889923,2477901,1054962,1292717,499393,881866,80996,105058,35518,11884753,9159609,4633997,705891
Pennsylvania,2021,6671309,6295594,367296,3915728,2558273,1050891,1288223,500145,898062,86142,111872,37725,12053542,9236368,4734282,717759
Puerto Rico,2012,1365560,1121428,242218,1566571,341429,227121,311353,114323,127202,22801,33478,10850,3400880,1563850,2072553,289233
Puerto Rico,2013,1348444,1099138,247824,1576936,340104,225969,304909,107815,120341,23018,33761,11068,3380137,1512771,2097059,276595
Puerto Rico,2014,1325326,1081146,242808,1585700,338802,222320,302378,104668,112978,23235,34174,11331,3353307,1454392,2124101,259157
Puerto Rico,2015,1300388,1063350,235772,1583765,339300,219098,294504,102094,108354,22976,34046,11394,3320095,1410630,2133541,236504
Puerto Rico,2016,1283190,1055106,226880,1580467,338815,216879,293487,100517,105408,23417,34710,11688,3280869,1378417,2129630,221945
Puerto Rico,2017,1262220,1040136,220597,1574064,336606,215188,287291,96572,104479,23793,35681,12081,3227226,1343808,2113416,214967
Puerto Rico,2018,1240033,1028500,209950,1552967,333099,213927,271820,95111,114543,24391,36458,12451,3151779,1302547,2078056,209792
Puerto Rico,2019,1227292,1028513,196934,1531733,336217,212643,269020,93707,116926,24979,37484,12914,3077699,1276820,2028478,215827
Puerto Rico,2020,1210925,1026380,182171,1517914,337385,211394,266213,93829,117559,25468,37911,13318,3011035,1256511,1980359,219775
Puerto Rico,2021,1238879,1055843,180168,1559057,342469,219378,273049,97061,123886,26745,40087,14047,3061778,1266267,2020115,224038
Rhode Island,2012,568800,511323,53904,288634,187084,100047,127676,37188,59328,72872,90262,30005,920159,743402,309121,115177
Rhode Island,2013,569175,509865,56125,290210,187957,101685,125585,35965,58673,72717,91452,30469,918234,732338,315385,117282
Rhode Island,2014,568439,511362,53761,294412,186267,103342,125695,36772,59286,73217,92281,30765,928036,726705,330198,109120
Rhode Island,2015,569623,518170,48418,295551,191163,104636,126595,37389,58387,74045,92689,31118,941771,729414,341959,96159
Rhode Island,2016,567285,520482,43600,301076,195318,104026,123495,38607,59036,75655,95033,31904,955002,730179,355775,83430
Rhode Island,2017,568020,526071,38634,303309,200222,103607,124280,39007,58955,79043,98954,33315,970742,732215,369803,69781
Rhode Island,2018,565997,527972,34479,307372,203264,102905,118189,38351,65263,81822,102894,34619,986610,735362,384173,54269
Rhode Island,2019,567926,533878,30455,308093,213004,101088,116639,38388,64759,86258,108155,36121,994837,743532,385804,46738
Rhode Island,2020,570567,535140,31263,307554,216935,98544,115968,39948,63745,89330,111700,37504,997069,745539,387296,44575
Rhode Island,2021,592466,552707,35428,313838,225984,101248,119202,40813,65460,95198,119096,39603,1028363,760984,405999,47506
South Carolina,2012,2280559,1995222,248835,1394516,644550,359751,503330,198235,289356,55058,70863,23906,3763097,2886748,1431609,764616
South Carolina,2013,2295655,2003023,258444,1425045,651733,368999,505499,189433,287359,55058,70910,23943,3816682,2887085,1490073,761843
South Carolina,2014,2306384,2031997,242145,1462037,662534,376857,507727,189658,295221,55506,71602,24222,3890718,2910415,1556826,737418
South Carolina,2015,2323906,2075274,217977,1492642,686558,379346,514852,190040,304478,56343,72700,24604,3999311,2976961,1616742,680185
South Carolina,2016,2354372,2129323,194454,1517181,713327,385345,524669,192123,313859,58158,75385,25521,4108301,3051388,1679520,627973
South Carolina,2017,2381900,2181046,170257,1544566,734447,395383,531293,197855,322068,60643,78694,26645,4216986,3125702,1734552,578318
South Carolina,2018,2411983,2227307,153242,1573200,758815,398666,510970,204307,354549,63437,82909,27986,4323261,3200163,1789543,535224
South Carolina,2019,2447854,2275531,139526,1596544,793973,402999,506822,209803,361934,66357,87127,29426,4407940,3272656,1821303,515322
South Carolina,2020,2484102,2312831,135484,1627643,826896,403720,507883,211658,362674,68813,90694,30727,4472269,3321549,1864315,518723
South Carolina,2021,2479690,2313378,130624,1617675,846939,397008,495012,213152,361267,72899,96108,32823,4463144,3300528,1865527,521410
South Dakota,2012,441775,416687,21687,194895,144533,72521,100862,45817,52954,62967,76985,25570,703277,581884,229060,94369
South Dakota,2013,444211,418991,22250,199166,144412,73795,102722,45756,52306,63195,77395,25740,712084,583844,234565,95355
South Dakota,2014,450131,425816,21364,201298,149144,73791,103109,46209,53563,64636,78762,26311,724497,592455,238661,92492
South Dakota,2015,453990,430853,20220,203814,150143,74626,103270,47344,55470,65237,80037,26747,734488,596647,244046,91018
South Dakota,2016,455936,434693,18636,207699,152584,73521,103818,47719,57051,66825,82370,27516,747562,605587,250826,86112
South Dakota,2017,458023,438339,17018,208427,154339,74042,103990,49219,56749,69425,85600,28761,756360,610871,254383,81667
South Dakota,2018,461750,442773,16252,211888,158390,76049,97730,48575,62029,72706,89092,29801,767332,618728,257408,79489
South Dakota,2019,462290,443891,15736,216753,161150,77331,96031,47416,61963,75168,92017,30773,772529,619525,262680,80727
South Dakota,2020,466573,447607,16281,220312,167058,75120,95212,48535,61682,77042,94036,31415,779526,625442,264927,82407
South Dakota,2021,466180,448357,14841,220445,168836,75598,93895,47708,62320,81756,100838,33468,782108,627779,263471,82946
Tennessee,2012,3137286,2815491,304598,1892804,933619,474974,720766,264367,421765,54737,71757,24294,5383616,4102168,2018136,867752
Tennessee,2013,3140665,2806948,316682,1937768,940208,476481,715642,256594,418023,54779,72143,24409,5412829,4075311,2081050,887807
Tennessee,2014,3149077,2835895,296819,1976173,952162,482800,713960,254514,432459,55459,73630,24811,5485606,4099575,2139286,864874
Tennessee,2015,3172519,2888742,266297,2002436,975846,490921,718654,255715,447606,56110,74677,25227,5578318,4146190,2196491,819113
Tennessee,2016,3193436,2937131,238372,2029002,999560,497980,722927,259734,456930,57747,77112,26019,5687677,4207985,2264887,757920
Tennessee,2017,3225549,2996610,210756,2044708,1029674,509260,725297,264251,468128,60217,80742,27277,5788161,4266161,2322101,706290
Tennessee,2018,3257398,3047809,191544,2064459,1059099,517862,687380,267582,515886,63096,84434,28511,5886791,4330447,2375977,660872
Tennessee,2019,3301501,3109872,172799,2075652,1099119,526074,688739,273342,522598,66242,88501,29859,5962705,4386203,2405627,639556
Tennessee,2020,3343918,3147330,177361,2093324,1141044,520798,686381,274115,524992,68793,91215,30869,6014822,4447644,2430232,649312
Tennessee,2021,3399281,3201140,179568,2105502,1184226,521652,684644,276831,533787,73248,97441,32908,6076473,4500298,2447597,680094
Texas,2012,12507191,11440956,960408,6602867,3919380,2003418,2880468,1282484,1355206,60621,81437,25809,19026868,14504075,6568811,5696586
Texas,2013,12691031,11569041,1020132,6777105,4001463,2053025,2878221,1274423,1361909,61066,82269,26019,19412065,14611199,6870028,5746305
Texas,2014,12889163,11809010,982580,6968919,4119155,2098129,2904186,1291458,1396082,61958,83936,26513,20002426,14964342,7141799,5610908
Texas,2015,13101788,12094262,912068,7139380,4246418,2137635,2950995,1314287,1444927,62717,85545,26999,20698446,15483381,7363320,5363985
Texas,2016,13312277,12371392,848131,7286946,4382313,2185662,2988311,1342559,1472547,64585,88231,27828,21364057,16019590,7560008,5114811
Texas,2017,13565038,12689069,784888,7432970,4551929,2221181,3038408,1370630,1506921,67344,91977,28985,22026776,16587602,7710086,4916911
Texas,2018,13818331,12985624,743006,7575789,4705124,2262117,2925929,1407656,1684798,70423,96001,30143,22652748,17101346,7873672,4764897
Texas,2019,14055852,13253631,708827,7680386,4867492,2288826,2937388,1433389,1726536,73349,99605,31277,23001793,17397969,7966660,4791164
Texas,2020,14309066,13461358,752884,7769024,5084326,2280631,2954834,1419995,1721572,76073,102456,32177,23292892,17679410,8045715,4877069
Texas,2021,14492816,13618630,771586,7768365,5245369,2262556,2927917,1429514,1753274,80498,107893,34255,23415482,17765148,8109464,4995381
Utah,2012,1368252,1265221,96504,616310,453972,197241,340288,121042,152678,66014,81435,23794,2332706,2032708,540010,404921
Utah,2013,1382365,1275709,101449,638774,463266,200229,339710,118446,154058,66646,82055,23873,2379723,2053424,568512,406420
Utah,2014,1399952,1299818,95738,657639,475857,202605,342697,118303,160356,67612,83673,24312,2427769,2087380,586314,403554
Utah,2015,1423700,1337646,81870,673216,492839,209077,349898,118516,167316,68817,85159,24686,2496443,2147556,601091,380390
Utah,2016,1451339,1374146,73114,685591,511481,212446,360103,120542,169574,71058,88127,25600,2572238,2213554,616414,350300
Utah,2017,1480657,1412214,64314,698431,532350,217383,363406,123757,175318,74287,92425,26907,2646042,2281858,626752,321826
Utah,2018,1514938,1452040,58958,709315,553507,221902,354315,127485,194831,77732,96935,28239,2717818,2349674,638355,301761
Utah,2019,1557215,1497354,55539,715859,583047,228073,356348,132442,197444,81525,101666,29775,2781865,2409755,648505,289012
Utah,2020,1600462,1537623,57829,724707,610399,229595,364464,135295,197870,84590,105348,30986,2844130,2464525,664208,280433
Utah,2021,1653818,1590143,58170,737909,642509,233263,366163,141730,206478,90665,113800,33378,2917062,2526451,677907,288116
Vermont,2012,350996,327499,22911,162972,130363,56372,72676,34177,33911,67274,82508,28846,572476,430680,226688,46863
Vermont,2013,348495,324350,23546,166989,129476,56970,71214,33078,33612,68111,83752,29167,574185,424451,234325,45547
Vermont,2014,347486,325336,21643,169925,129846,56975,70848,33400,34267,68787,85013,29535,579005,422852,242075,41274
Vermont,2015,346162,326732,18957,172977,132097,56783,69830,33072,34950,70027,86245,29894,584299,424576,246854,36158
Vermont,2016,344730,327237,17087,175467,131979,56784,70598,32565,35311,71465,88340,30663,587407,423267,251397,32809
Vermont,2017,342645,327264,14969,177386,133214,56862,69563,32723,34902,74068,91891,31917,589214,421770,256523,29489
Vermont,2018,343168,328742,13878,178555,137010,56285,65406,32386,37655,77193,95100,33238,593534,425733,258210,25362
Vermont,2019,341932,329028,12323,180274,138247,56970,64964,32033,36814,80998,99437,34577,593622,425129,259580,24644
Vermont,2020,342240,328642,12845,180825,141692,54986,63172,33068,35724,83023,102413,35854,593153,427581,258167,25031
Vermont,2021,349819,335239,13668,187656,147819,54254,62697,33978,36491,88607,109701,37903,609808,438929,265481,25775
Virginia,2012,4276515,3867416,286994,2101267,1619962,627480,901163,344553,374258,76566,99955,33326,6833297,5883412,1833006,955207
Virginia,2013,4303611,3885351,303129,2150005,1642012,645769,894954,335730,366886,76754,100723,33493,6908253,5900956,1904926,973047
Virginia,2014,4338606,3936638,293310,2192818,1672048,661350,897345,334282,371613,77939,102254,33958,7004481,5944729,1971727,968444
Virginia,2015,4376786,3990770,276030,2222170,1703602,674982,899214,334723,378249,78390,102966,34152,7126973,6020331,2044627,916040
Virginia,2016,4403124,4036456,255340,2249987,1731299,677558,902731,339501,385367,80068,105488,34967,7232481,6092515,2114498,864477
Virginia,2017,4431500,4084035,236648,2276891,1768096,686502,900969,340840,387628,83164,109435,36268,7342809,6171364,2176566,810412
Virginia,2018,4450906,4118723,217670,2305313,1804637,684289,847431,344374,437992,86628,114218,37763,7441903,6231792,2237141,755739
Virginia,2019,4477253,4156018,200850,2321807,1843627,691644,837476,341846,441425,90141,118940,39278,7526363,6260278,2321833,707960
Virginia,2020,4508686,4179739,202745,2340768,1893390,686373,825943,335145,438888,93284,123883,41255,7601635,6279818,2409942,681362
Virginia,2021,4552635,4219781,202807,2350972,1954214,682362,807573,330671,444961,98771,130284,43267,7699252,6284551,2507191,658732
Washington,2012,3511749,3150493,309049,1834226,1208502,544911,739033,308590,349457,71939,90148,30661,5733240,4678149,1842059,895281
Washington,2013,3526776,3149730,327155,1889360,1215919,550824,730797,300472,351718,72168,90849,30742,5787347,4671048,1909768,924141
Washington,2014,3551870,3194382,308955,1936168,1237816,563773,729350,305953,357490,73039,92527,31233,5914385,4716007,2006408,878242
Washington,2015,3586261,3259877,277806,1982379,1270584,571600,735995,313191,368507,74025,94338,31762,6091385,4799143,2128454,787469
Washington,2016,3623304,3331321,244692,2024393,1316143,577191,739275,320415,378297,76507,98185,32999,6282974,4898583,2252254,684794
Washington,2017,3685819,3418123,218821,2049033,1378065,580047,745911,328677,385423,80233,103318,34869,6478362,5001870,2367987,584670
Washington,2018,3761036,3513856,198330,2082119,1441782,592947,714608,337733,426786,84182,109100,36888,6699539,5117530,2500984,487856
Washington,2019,3834480,3594279,187330,2106801,1501200,603812,710533,345835,432899,88660,114940,38915,6835242,5206153,2572354,457854
Washington,2020,3904996,3660034,188562,2133816,1563629,603317,712427,344746,435915,92422,120270,40837,6939704,5301825,2603375,458228
Washington,2021,3958572,3701656,198259,2162343,1610719,595569,705511,346531,443326,98691,129229,43817,7025766,5341437,2652220,477069
West Virginia,2012,827489,760812,65115,681060,235752,142562,186951,96075,99472,51770,64914,22482,1559156,1169534,662915,261642
West Virginia,2013,826225,755632,69351,686163,236302,141086,186140,93322,98782,52165,66206,22966,1562500,1158428,674664,261520
West Virginia,2014,821389,753227,67035,692360,236908,142729,183378,91768,98444,52875,67024,23237,1583928,1154301,701672,240355
West Virginia,2015,815405,751252,63341,696778,241587,141436,181570,89595,97064,52866,67421,23450,1613621,1154719,734101,208779
West Virginia,2016,812480,750412,61215,696732,242501,144963,179113,87111,96724,54409,68895,24002,1642376,1152027,770494,174780
West Virginia,2017,805727,746958,57659,697324,245012,144455,176576,84561,96354,55949,70948,24774,1664214,1146360,802584,143769
West Virginia,2018,797423,742615,53750,701821,248704,144274,164768,81401,103468,57598,73168,25479,1683444,1139051,831095,116826
West Virginia,2019,794126,740910,51910,697190,250294,143836,162163,81544,103073,59607,75996,26480,1680456,1128973,839518,108019
West Virginia,2020,798208,744272,52031,687124,254218,141268,161304,80928,106554,61707,78106,27346,1668236,1129070,836913,109844
West Virginia,2021,788433,736088,50277,690281,254206,138512,156026,79540,107804,65845,83583,28761,1659719,1119401,837770,113840
Wisconsin,2012,3090671,2856318,230456,1421854,961679,475342,683794,251171,484332,66415,80551,27426,5105682,4149375,1671994,503740
Wisconsin,2013,3082381,2839636,239464,1455496,963978,482179,676268,242773,474438,66534,81039,27523,5118222,4098830,1734310,512357
Wisconsin,2014,3076311,2852018,221662,1484933,977404,486405,668084,241351,478774,67232,82125,27907,5159942,4101922,1773424,489761
Wisconsin,2015,3079657,2883390,193763,1504274,996016,490498,665207,245698,485971,68064,83469,28340,5219979,4141640,1798676,448384
Wisconsin,2016,3082186,2910339,169426,1521539,1019630,493769,664898,245727,486315,69925,85975,29253,5273102,4188832,1820884,408789
Wisconsin,2017,3087719,2939880,145271,1530555,1043515,495207,662890,249436,488832,72542,89382,30557,5321616,4230492,1835316,369522
Wisconsin,2018,3092330,2964540,124792,1547117,1068930,494858,622193,253223,525336,75313,93565,32018,5376782,4272859,1855766,329424
Wisconsin,2019,3097113,2982359,111564,1562469,1090763,491842,617112,255493,527149,78679,97431,33375,5408692,4297070,1871595,310259
Wisconsin,2020,3096518,2983277,109854,1586015,1110652,482609,604533,254428,531055,80844,100128,34450,5422999,4307171,1891059,312704
Wisconsin,2021,3127362,3014612,109017,1604474,1145124,479062,596737,258724,534965,85623,106121,36754,5484621,4341242,1925268,318308
Wyoming,2012,307324,288847,15537,134858,91226,49301,63976,47196,37148,70013,83409,28858,470598,396117,141018,82570
Wyoming,2013,309519,289823,16760,138776,93917,50982,62776,45956,36192,70868,83142,28902,476786,398865,144313,83611
Wyoming,2014,310018,291552,15950,143078,95499,52045,62127,45943,35938,72086,84442,29381,485268,404571,146942,80469
Wyoming,2015,311371,293949,15002,145269,95680,52163,62560,47142,36404,73194,85229,29803,493896,412501,148956,76302
Wyoming,2016,311104,293598,15118,148094,96127,53321,61420,46426,36304,73654,86557,30139,500207,417131,152893,73331
Wyoming,2017,310748,293633,14459,149034,98557,52320,60898,45272,36586,75602,89174,31214,505488,424573,152795,67982
Wyoming,2018,307485,290963,13685,151494,97929,50927,57764,45071,39272,77480,92743,32295,507036,423627,154715,64887
Wyoming,2019,305004,288503,13544,154278,99031,50628,56250,44840,37754,79782,95869,33366,505667,420361,157974,65354
Wyoming,2020,303956,287375,13222,157461,103264,49896,54480,43296,36439,81290,98307,34415,505708,419750,159124,65297
Wyoming,2021,300833,284934,12464,156295,104764,48986,53261,41814,36109,85901,104683,36288,500832,412083,161535,66211