state,year,total_housing,total_hh,avg_hh_size,occ_housing,vacant_housing,ho_vac_rate,ren_vac_rate,median_rooms,median_value,ho_housing,housing_mort,housing_wo_mort,meidan_rent
Alabama,2012,2172647,1837576,2.54,1837576,335071,2.5,9,5.7,122300,1289324,776946,512378,691
Alabama,2013,2190638,1838683,2.55,1838683,339433,2.5,8.9,5.7,122500,1281604,762450,519154,705
Alabama,2014,2178116,1842174,2.55,1842174,348464,2.6,9,5.7,123800,1274196,751234,522962,715
Alabama,2015,2209335,1848325,2.55,1848325,351004,2.5,9,5.7,125500,1269145,738618,530527,717
Alabama,2016,2199329,1851061,2.55,1851061,358274,2.4,9.4,5.7,128500,1267824,730637,537187,728
Alabama,2017,2244462,1856695,2.55,1856695,374431,2.2,10,5.7,132100,1273217,727973,545244,747
Alabama,2018,2231126,1860269,2.55,1860269,384193,2.1,10.2,5.7,137200,1275223,722643,552580,772
Alabama,2019,2255026,1867893,2.55,1867893,387133,1.8,10,5.7,142700,1284748,721628,563120,792
Alabama,2020,2270398,1888504,2.53,1888504,381894,1.6,9.6,5.8,149600,1306505,727377,579128,811
Alabama,2021,2278526,1902983,2.57,1902983,375543,1.4,9.3,5.8,157100,1320571,731317,589254,852
Alaska,2012,305445,252991,2.71,252991,52454,1.4,5.4,4.7,237900,162891,110238,52653,1065
Alaska,2013,307820,251899,2.75,251899,54763,1.5,5.8,4.7,241800,160803,106981,53822,1098
Alaska,2014,306662,251678,2.79,251678,56142,1.6,5.8,4.7,246300,159415,105273,54142,1131
Alaska,2015,309171,250969,2.81,250969,57292,1.7,6.2,4.7,250000,159056,104101,54955,1146
Alaska,2016,308261,250235,2.83,250235,58936,1.9,6.1,4.8,257100,159313,103704,55609,1173
Alaska,2017,315386,252536,2.81,252536,61401,1.8,6.5,4.8,261900,160854,104524,56330,1200
Alaska,2018,313937,253462,2.81,253462,61924,2,6.7,4.7,265200,162172,104091,58081,1231
Alaska,2019,316901,253346,2.8,253346,63555,1.9,7.2,4.7,270400,162996,102554,60442,1244
Alaska,2020,318370,255173,2.78,255173,63197,1.7,7.6,4.8,275600,165376,102364,63012,1240
Alaska,2021,324434,260561,2.72,260561,63873,1.5,7.9,4.8,282800,171207,105565,65642,1279
Arizona,2012,2841432,2357158,2.66,2357158,484274,3.7,10.6,5.3,175900,1544719,1071630,473089,891
Arizona,2013,2874548,2370289,2.67,2370289,489479,3.4,10,5.2,165100,1527475,1038785,488690,896
Arizona,2014,2859768,2387246,2.69,2387246,487302,3.3,9.2,5.2,162900,1513294,1011438,501856,905
Arizona,2015,2913541,2412212,2.69,2412212,478452,2.9,8.6,5.2,167500,1513861,994862,518999,913
Arizona,2016,2890664,2448919,2.69,2448919,464622,2.6,7.9,5.2,176900,1531878,991361,540517,937
Arizona,2017,2970935,2482311,2.68,2482311,459583,2.4,7.4,5.2,193200,1567338,1010928,556410,972
Arizona,2018,2941894,2524300,2.69,2524300,446635,2.2,6.8,5.3,209600,1606065,1031561,574504,1009
Arizona,2019,3003286,2571268,2.68,2571268,432018,1.9,6.2,5.3,225500,1656756,1056797,599959,1052
Arizona,2020,3040595,2643430,2.65,2643430,397165,1.6,5.4,5.3,242000,1727176,1093650,633526,1097
Arizona,2021,3056890,2683557,2.58,2683557,373333,1.3,5,5.3,265600,1765658,1121042,644616,1172
Arkansas,2012,1316874,1128797,2.51,1128797,188077,2.4,9.8,5.4,106300,758814,442495,316319,649
Arkansas,2013,1329139,1129723,2.53,1129723,191049,2.5,9.8,5.4,107300,753793,436577,317216,661
Arkansas,2014,1320772,1132488,2.53,1132488,196651,2.5,9.6,5.4,108700,753620,430443,323177,675
Arkansas,2015,1341391,1138025,2.53,1138025,196991,2.4,9.3,5.4,111400,752312,425775,326537,677
Arkansas,2016,1335016,1141480,2.53,1141480,199911,2.4,8.9,5.4,114700,749452,417765,331687,689
Arkansas,2017,1362040,1147291,2.52,1147291,206454,2.4,8.7,5.4,118500,752633,415721,336912,709
Arkansas,2018,1353745,1152175,2.52,1152175,209865,2.2,8.4,5.4,123300,756431,415474,340957,729
Arkansas,2019,1370281,1158071,2.52,1158071,212210,2,7.9,5.4,127800,759455,413684,345771,745
Arkansas,2020,1379778,1170544,2.5,1170544,209234,1.7,7.4,5.4,133600,770477,417563,352914,760
Arkansas,2021,1361880,1158460,2.53,1158460,203420,1.6,7.2,5.5,142100,765297,414891,350406,803
California,2012,13667226,12466331,2.93,12466331,1200895,2.1,5,5.1,383900,6978397,5239574,1738823,1209
California,2013,13781929,12542460,2.94,12542460,1184409,1.8,4.9,5.1,366400,6939104,5162067,1777037,1224
California,2014,13726869,12617280,2.95,12617280,1164649,1.6,4.6,5.1,371400,6908925,5088986,1819939,1243
California,2015,13911737,12717801,2.96,12717801,1127989,1.4,4.1,5.1,385500,6909176,5035714,1873462,1255
California,2016,13845790,12807387,2.95,12807387,1104350,1.3,3.8,5.1,409300,6929007,5000119,1928888,1297
California,2017,14084824,12888128,2.96,12888128,1108171,1.2,3.6,5.1,443400,7024315,5022376,2001939,1358
California,2018,13996299,12965435,2.96,12965435,1119389,1.2,3.5,5.1,475900,7085435,5022699,2062736,1429
California,2019,14175976,13044266,2.95,13044266,1131710,1.1,3.6,5.1,505000,7154580,5030939,2123641,1503
California,2020,14210945,13103114,2.94,13103114,1107831,1.1,3.7,5.1,538500,7241318,5035650,2205668,1586
California,2021,14328539,13217586,2.92,13217586,1110953,1,3.9,5.1,573200,7335247,5075316,2259931,1698
Colorado,2012,2211615,1962753,2.51,1962753,248862,2.2,6.5,5.7,236800,1293951,974369,319582,915
Colorado,2013,2238624,1977591,2.53,1977591,245191,2,6.1,5.7,236200,1292645,963197,329448,939
Colorado,2014,2222782,1998314,2.54,1998314,240310,1.8,5.5,5.7,239400,1295048,958148,336900,969
Colorado,2015,2284863,2024468,2.55,2024468,236595,1.5,5.1,5.7,247800,1302266,955248,347018,1002
Colorado,2016,2261063,2051616,2.56,2051616,233247,1.3,4.8,5.7,264600,1320617,959882,360735,1057
Colorado,2017,2352202,2082531,2.55,2082531,237206,1.2,4.8,5.7,286100,1348004,972990,375014,1125
Colorado,2018,2319737,2113387,2.56,2113387,238815,1.2,4.9,5.7,313600,1371145,983251,387894,1196
Colorado,2019,2386475,2148994,2.56,2148994,237481,1.1,4.8,5.7,343300,1401735,999647,402088,1271
Colorado,2020,2361372,2137402,2.6,2137402,223970,1,4.9,5.7,369900,1415324,1001804,413520,1335
Colorado,2021,2454873,2227932,2.52,2227932,226941,0.9,5.1,5.7,397500,1473449,1042682,430767,1437
Connecticut,2012,1485445,1360184,2.54,1360184,125261,1.6,7.2,5.7,285900,929560,664223,265337,1044
Connecticut,2013,1490381,1355849,2.55,1355849,131146,1.6,7.1,5.7,278900,919488,652672,266816,1056
Connecticut,2014,1486995,1356206,2.56,1356206,134175,1.7,6.9,5.7,274500,913043,644209,268834,1069
Connecticut,2015,1493798,1352583,2.57,1352583,139203,1.8,6.8,5.7,270500,906227,635162,271065,1075
Connecticut,2016,1491786,1354713,2.56,1354713,139085,1.8,6.5,5.7,269300,900223,625486,274737,1094
Connecticut,2017,1512305,1361755,2.55,1361755,145956,1.9,6.6,5.6,270100,906798,624504,282294,1123
Connecticut,2018,1507711,1367374,2.54,1367374,144931,1.8,6.4,5.6,272700,907134,621120,286014,1156
Connecticut,2019,1516629,1370746,2.53,1370746,145883,1.8,6.3,5.6,275400,905681,614351,291330,1180
Connecticut,2020,1521199,1385437,2.5,1385437,135762,1.5,5.6,5.6,279700,915408,616667,298741,1201
Connecticut,2021,1527039,1397324,2.5,1397324,129715,1.3,5.3,5.6,286700,925503,621236,304267,1260
Delaware,2012,405883,334076,2.62,334076,71807,3,10.5,6.2,241100,242788,169922,72866,985
Delaware,2013,411250,335707,2.63,335707,72158,2.7,10.5,6.2,235800,243223,169535,73688,999
Delaware,2014,407865,339046,2.63,339046,72204,2.5,9.3,6.2,232900,242860,168730,74130,1012
Delaware,2015,417927,344022,2.62,344022,70394,2.2,7.8,6.2,231500,244849,167531,77318,1018
Delaware,2016,414416,348051,2.61,348051,69876,2.2,7.7,6.2,233100,246940,166435,80505,1039
Delaware,2017,428251,352357,2.61,352357,71132,2.1,7.7,6.2,238600,251098,167190,83908,1076
Delaware,2018,423489,357765,2.58,357765,70486,1.9,7.1,6.2,244700,254308,167225,87083,1110
Delaware,2019,433195,363322,2.57,363322,69873,1.8,7,6.2,251100,258780,168110,90670,1130
Delaware,2020,438438,370953,2.54,370953,67485,1.6,6.2,6.3,258300,264915,171529,93386,1150
Delaware,2021,445104,381097,2.51,381097,64007,1.4,5.6,6.3,269700,272435,176819,95616,1199
District of Columbia,2012,296671,261192,2.17,261192,35479,3,6.4,4.2,443000,110853,86252,24601,1200
District of Columbia,2013,300798,263649,2.2,263649,34678,2.6,6.4,4.2,445200,111070,86433,24637,1242
District of Columbia,2014,298327,267415,2.22,267415,33383,2.2,6.4,4.2,454500,111198,85988,25210,1302
District of Columbia,2015,306711,273390,2.22,273390,29922,1.8,5.5,4.3,475800,112750,87023,25727,1327
District of Columbia,2016,303312,276546,2.24,276546,30165,1.7,5.8,4.2,506100,112672,86201,26471,1362
District of Columbia,2017,311545,277985,2.28,277985,30176,1.6,5.9,4.2,537400,115795,88015,27780,1424
District of Columbia,2018,308161,281322,2.29,281322,30223,1.6,6,4.2,568400,117571,88908,28663,1487
District of Columbia,2019,315176,284386,2.3,284386,30790,1.6,6.3,4.1,601500,118367,89672,28695,1541
District of Columbia,2020,319192,288307,2.3,288307,30885,1.4,6.7,4.1,618100,122648,92705,29943,1607
District of Columbia,2021,344306,310104,2.08,310104,34202,1.6,7,4,635900,128720,97763,30957,1681
Florida,2012,8983414,7147013,2.58,7147013,1836401,3.6,11.4,5.1,170800,4865400,3099907,1765493,987
Florida,2013,9051851,7158980,2.61,7158980,1844953,3.3,10.7,5.1,160200,4806997,3001494,1805503,990
Florida,2014,9003933,7217508,2.62,7217508,1834343,3,9.7,5.1,156200,4772944,2916743,1856201,998
Florida,2015,9152815,7300494,2.63,7300494,1794505,2.7,8.9,5.1,159000,4765260,2847869,1917391,1002
Florida,2016,9094999,7393262,2.64,7393262,1759553,2.5,8.5,5.1,166800,4787320,2808279,1979041,1032
Florida,2017,9348689,7510882,2.64,7510882,1748802,2.4,8.5,5.1,178700,4868827,2816670,2052157,1077
Florida,2018,9259684,7621760,2.65,7621760,1726929,2.3,8.4,5.1,196800,4954601,2835760,2118841,1128
Florida,2019,9448159,7736311,2.65,7736311,1711848,2.3,8.4,5.1,215300,5058841,2875285,2183556,1175
Florida,2020,9562324,7931313,2.62,7931313,1631011,2.1,8.2,5.2,232000,5250878,2979345,2271533,1218
Florida,2021,9764897,8157420,2.57,8157420,1607477,1.8,7.9,5.2,248700,5420631,3087300,2333331,1301
Georgia,2012,4086231,3508477,2.7,3508477,577754,3.5,10.8,5.8,156400,2315287,1641089,674198,849
Georgia,2013,4114496,3518097,2.71,3518097,576715,3.2,10.5,5.8,151300,2292030,1601219,690811,860
Georgia,2014,4094812,3540690,2.72,3540690,573806,3,9.7,5.8,148000,2272001,1569099,702902,874
Georgia,2015,4156518,3574362,2.73,3574362,558703,2.7,8.7,5.8,148100,2263697,1539204,724493,879
Georgia,2016,4133065,3611706,2.72,3611706,544812,2.4,7.8,5.8,152400,2266411,1521924,744487,897
Georgia,2017,4241003,3663104,2.71,3663104,540184,2.1,7.4,5.8,158400,2306772,1527772,779000,927
Georgia,2018,4203288,3709488,2.71,3709488,531515,2,7,5.8,166800,2339981,1533925,806056,968
Georgia,2019,4283477,3758798,2.7,3758798,524679,1.9,6.8,5.9,176000,2377773,1547017,830756,1006
Georgia,2020,4329675,3830264,2.68,3830264,499411,1.7,6.5,5.9,190200,2453159,1583038,870121,1042
Georgia,2021,4375039,3885371,2.67,3885371,489668,1.6,6.6,5.9,206700,2506873,1620298,886575,1110
Hawaii,2012,519811,447453,2.95,447453,72358,1.9,9.3,4.6,517000,260268,178516,81752,1354
Hawaii,2013,524852,449771,2.96,449771,72393,1.6,9,4.6,503100,259270,177220,82050,1380
Hawaii,2014,522164,450299,3,450299,74553,1.6,8.7,4.6,504500,257315,174062,83253,1417
Hawaii,2015,530289,450572,3.02,450572,76816,1.4,8.9,4.6,515300,256389,172248,84141,1438
Hawaii,2016,527388,452030,3.03,452030,78259,1.2,9.4,4.6,538400,259854,173799,86055,1456
Hawaii,2017,539053,455502,3.02,455502,80041,1.2,9.4,4.6,563900,264622,175097,89525,1507
Hawaii,2018,535543,456782,3.02,456782,82271,1.3,9.5,4.6,587700,266362,174326,92036,1566
Hawaii,2019,542674,459424,3,459424,83250,1.4,9.4,4.6,615300,270377,176015,94362,1617
Hawaii,2020,546571,467932,2.94,467932,78639,1.2,8.7,4.7,636400,282037,181701,100336,1651
Hawaii,2021,556937,478413,2.95,478413,78524,1.2,8.3,4.7,662100,291814,188593,103221,1755
Idaho,2012,666718,577648,2.66,577648,89070,2.5,7.1,5.7,167100,404863,277185,127678,720
Idaho,2013,675421,579797,2.68,579797,90287,2.4,6.6,5.7,162100,404734,274912,129822,728
Idaho,2014,670084,585259,2.68,585259,90162,2.2,5.9,5.7,160500,404981,272377,132604,738
Idaho,2015,686013,589320,2.69,589320,90982,2,5.5,5.7,162900,405865,270164,135701,743
Idaho,2016,680302,596107,2.69,596107,89906,1.9,5.3,5.7,167900,410538,271206,139332,764
Idaho,2017,711731,609124,2.67,609124,92072,1.8,5.3,5.7,176800,421439,276198,145241,792
Idaho,2018,701196,618331,2.68,618331,93400,1.7,5.4,5.8,192300,428300,277498,150802,825
Idaho,2019,723594,630008,2.68,630008,93586,1.6,5.1,5.8,212300,440716,284487,156229,853
Idaho,2020,737411,649299,2.66,649299,88112,1.2,4.4,5.9,235600,459428,294356,165072,887
Idaho,2021,742145,657101,2.71,657101,85044,0.9,4,5.9,266500,471036,301585,169451,952
Illinois,2012,5293619,4774275,2.62,4774275,519344,2.4,7.1,5.6,190800,3248521,2238082,1010439,877
Illinois,2013,5299433,4772723,2.63,4772723,518981,2.3,7,5.6,182300,3220038,2190976,1029062,890
Illinois,2014,5291704,4778633,2.63,4778633,520800,2.2,6.7,5.6,175700,3194707,2146363,1048344,903
Illinois,2015,5310327,4786388,2.63,4786388,517287,2.1,6.4,5.6,173800,3177705,2104166,1073539,907
Illinois,2016,5303675,4802124,2.61,4802124,508203,2,6.2,5.6,174800,3167081,2071942,1095139,925
Illinois,2017,5347268,4818452,2.61,4818452,516395,1.9,6.4,5.6,179700,3185142,2052491,1132651,952
Illinois,2018,5334847,4830038,2.59,4830038,517230,1.9,6.4,5.6,187200,3189035,2034106,1154929,984
Illinois,2019,5360315,4846134,2.57,4846134,514181,1.8,6.2,5.6,194500,3202715,2027640,1175075,1010
Illinois,2020,5373385,4884061,2.54,4884061,489324,1.6,5.9,5.6,202100,3237778,2032796,1204982,1038
Illinois,2021,5412995,4930255,2.54,4930255,482740,1.5,6,5.6,212600,3279322,2051911,1227411,1097
Indiana,2012,2797237,2478846,2.54,2478846,318391,2.5,8.8,5.7,123400,1749798,1217285,532513,719
Indiana,2013,2811617,2481793,2.55,2481793,319102,2.3,8.4,5.7,122800,1736481,1195208,541273,730
Indiana,2014,2800895,2492183,2.55,2492183,319434,2.3,8,5.7,122700,1730954,1179212,551742,741
Indiana,2015,2830669,2501937,2.55,2501937,318316,2.1,7.8,5.7,124200,1726338,1162555,563783,745
Indiana,2016,2820253,2513828,2.55,2513828,316841,2,7.6,5.8,126500,1727511,1151827,575684,758
Indiana,2017,2870670,2537189,2.53,2537189,318189,1.8,7.3,5.8,130200,1747513,1156975,590538,782
Indiana,2018,2855378,2553818,2.53,2553818,316852,1.7,7.3,5.8,135400,1760732,1158794,601938,807
Indiana,2019,2886548,2570419,2.52,2570419,316129,1.5,7.1,5.8,141700,1776182,1164194,611988,826
Indiana,2020,2903720,2602770,2.5,2602770,300950,1.3,6.5,5.8,148900,1808293,1178246,630047,844
Indiana,2021,2911562,2622601,2.5,2622601,288961,1.1,6.2,5.9,158500,1831953,1195276,636677,891
Iowa,2012,1337410,1223509,2.41,1223509,113901,1.9,6.4,5.9,123000,888331,556168,332163,655
Iowa,2013,1348151,1226547,2.42,1226547,114454,1.8,6.3,5.9,124300,885942,550838,335104,670
Iowa,2014,1341001,1232228,2.42,1232228,115923,1.7,6.2,5.9,126300,884984,546451,338533,689
Iowa,2015,1362619,1236409,2.42,1236409,117855,1.6,6.2,5.9,129200,883808,541161,342647,697
Iowa,2016,1354264,1242641,2.42,1242641,119978,1.5,6.1,5.9,132800,883119,537848,345271,715
Iowa,2017,1386722,1251587,2.41,1251587,124546,1.5,6.2,5.9,137200,889285,541664,347621,740
Iowa,2018,1376133,1256855,2.41,1256855,129867,1.5,6.5,5.9,142300,894152,542373,351779,766
Iowa,2019,1397087,1265473,2.4,1265473,131614,1.4,6.5,5.9,147800,899223,544728,354495,789
Iowa,2020,1407819,1273941,2.4,1273941,133878,1.3,6.5,5.9,153900,906967,547418,359549,806
Iowa,2021,1407100,1275893,2.42,1275893,131207,1.2,6.4,5.9,160700,912969,551824,361145,845
Kansas,2012,1233125,1109391,2.5,1109391,123734,2,7,5.8,127400,756782,485602,271180,715
Kansas,2013,1240529,1110440,2.51,1110440,125045,2,7,5.8,128400,749737,473565,276172,732
Kansas,2014,1235485,1112335,2.52,1112335,128194,2,7.3,5.8,129400,746789,464316,282473,748
Kansas,2015,1248955,1113472,2.53,1113472,130900,1.9,7.4,5.9,132000,742564,455459,287105,757
Kansas,2016,1244372,1115858,2.53,1115858,133097,1.8,7.5,5.9,135300,740343,449676,290667,775
Kansas,2017,1266378,1121943,2.52,1121943,137704,1.8,7.7,5.9,139200,745441,447551,297890,801
Kansas,2018,1259647,1124549,2.52,1124549,141829,1.8,7.9,5.9,145400,745845,445487,300358,831
Kansas,2019,1273297,1129227,2.51,1129227,144070,1.8,7.8,5.9,151900,748123,444331,303792,850
Kansas,2020,1280376,1141985,2.48,1141985,138391,1.6,7.6,6,157600,756309,443530,312779,863
Kansas,2021,1272290,1139738,2.51,1139738,132552,1.4,7.2,6,164800,759042,443123,315919,912
Kentucky,2012,1927916,1691716,2.49,1691716,236200,2.3,7.5,5.5,120000,1162207,718096,444111,638
Kentucky,2013,1938836,1694996,2.5,1694996,235162,2.2,7.3,5.5,120400,1159188,708072,451116,655
Kentucky,2014,1930158,1702235,2.5,1702235,236601,2.2,6.6,5.5,121600,1152012,695997,456015,667
Kentucky,2015,1951090,1708499,2.5,1708499,235996,2,6.3,5.5,123200,1148752,684364,464388,675
Kentucky,2016,1944495,1718217,2.49,1718217,232873,1.9,6,5.5,126100,1147903,679545,468358,690
Kentucky,2017,1974406,1724514,2.49,1724514,240688,1.8,6.1,5.5,130000,1155576,677882,477694,713
Kentucky,2018,1965202,1728681,2.49,1728681,245725,1.6,5.9,5.6,135300,1157631,673651,483980,741
Kentucky,2019,1983949,1734618,2.49,1734618,249331,1.6,5.9,5.6,141000,1166031,673379,492652,763
Kentucky,2020,1994554,1748053,2.48,1748053,246501,1.4,5.6,5.6,147100,1181021,675577,505444,783
Kentucky,2021,1988420,1748475,2.5,1748475,239945,1.3,5.5,5.7,155100,1185302,679202,506100,826
Louisiana,2012,1964329,1696499,2.59,1696499,267830,2,8.4,5.4,137700,1142965,641781,501184,762
Louisiana,2013,1988460,1707852,2.6,1707852,266461,1.9,8.2,5.4,138900,1143500,633741,509759,773
Louisiana,2014,1974313,1718876,2.6,1718876,269584,1.9,8.1,5.4,140400,1139756,624109,515647,786
Louisiana,2015,2011700,1727919,2.6,1727919,271936,1.8,8.1,5.4,144100,1136709,615051,521658,788
Louisiana,2016,1999855,1731398,2.61,1731398,280302,1.8,8.2,5.4,148300,1132785,608680,524105,800
Louisiana,2017,2045554,1737645,2.61,1737645,293419,1.7,8.3,5.4,152900,1137462,603674,533788,825
Louisiana,2018,2031064,1736021,2.61,1736021,309533,1.8,8.6,5.4,157800,1133084,597222,535862,850
Louisiana,2019,2059918,1739497,2.61,1739497,320421,1.8,8.6,5.4,163100,1141205,597122,544083,866
Louisiana,2020,2074664,1751956,2.59,1751956,322708,1.7,8.6,5.4,168100,1167628,606824,560804,876
Louisiana,2021,2066323,1748688,2.59,1748688,317635,1.6,8.1,5.4,174000,1165858,612388,553470,923
Maine,2012,721171,553208,2.34,553208,167963,2.3,7.2,5.3,175600,398593,259630,138963,750
Maine,2013,724685,553823,2.33,553823,168148,2.3,7.2,5.3,174500,397512,256505,141007,764
Maine,2014,721971,553086,2.34,553086,171599,2.2,7.2,5.3,173600,395074,251757,143317,772
Maine,2015,727127,553284,2.34,553284,172943,2,6.6,5.3,173800,393995,249231,144764,777
Maine,2016,726227,551109,2.35,551109,176018,2,6.4,5.3,176000,393966,247365,146601,790
Maine,2017,739077,554061,2.34,554061,181650,1.9,6.8,5.3,179900,399142,248675,150467,808
Maine,2018,735711,556955,2.33,556955,182122,1.8,6.5,5.3,184500,402119,249814,152305,831
Maine,2019,742788,559921,2.32,559921,182867,1.8,6,5.4,190400,404759,249872,154887,853
Maine,2020,746793,569551,2.29,569551,177242,1.5,5.9,5.4,198000,414939,251919,163020,873
Maine,2021,737782,571064,2.31,571064,166718,1.2,5.3,5.4,212100,419024,253596,165428,927
Maryland,2012,2378932,2138806,2.64,2138806,240126,2,7.6,6.2,304900,1456472,1113410,343062,1172
Maryland,2013,2399375,2146240,2.65,2146240,241045,1.9,7.4,6.2,292700,1450893,1100412,350481,1196
Maryland,2014,2387285,2155983,2.67,2155983,243392,1.8,7,6.2,287500,1445880,1086931,358949,1218
Maryland,2015,2421909,2166389,2.67,2166389,243867,1.7,6.6,6.2,286900,1447662,1081480,366182,1230
Maryland,2016,2410256,2177492,2.67,2177492,244417,1.7,6.3,6.2,290400,1447783,1073797,373986,1264
Maryland,2017,2437740,2181093,2.68,2181093,245921,1.7,6.3,6.2,296500,1456758,1072653,384105,1311
Maryland,2018,2427014,2192518,2.67,2192518,245222,1.7,6.2,6.2,305500,1463941,1072008,391933,1357
Maryland,2019,2448422,2205204,2.67,2205204,243218,1.7,6,6.2,314800,1475149,1075641,399508,1392
Maryland,2020,2459650,2230527,2.64,2230527,229123,1.4,5.7,6.2,325400,1495828,1084283,411545,1415
Maryland,2021,2516341,2294270,2.62,2294270,222071,1.3,5.4,6.2,338500,1543719,1115878,427841,1485
Massachusetts,2012,2804206,2525694,2.5,2525694,278512,1.4,5.1,5.6,335500,1595959,1150701,445258,1056
Massachusetts,2013,2816875,2530147,2.51,2530147,278402,1.3,5,5.5,330100,1585259,1136718,448541,1069
Massachusetts,2014,2808549,2538485,2.53,2538485,278390,1.3,4.6,5.5,329900,1580938,1125262,455676,1088
Massachusetts,2015,2836658,2549721,2.53,2549721,278099,1.2,4.2,5.5,333100,1583667,1120163,463504,1102
Massachusetts,2016,2827820,2558889,2.54,2558889,277769,1.1,4.1,5.5,341000,1588743,1115649,473094,1129
Massachusetts,2017,2882739,2585715,2.53,2585715,279274,1.1,4,5.5,352600,1612329,1126695,485634,1173
Massachusetts,2018,2864989,2601914,2.53,2601914,280825,1,3.8,5.5,366800,1621053,1126604,494449,1225
Massachusetts,2019,2897259,2617497,2.52,2617497,279762,1,3.6,5.5,381600,1632765,1129945,502820,1282
Massachusetts,2020,2913009,2646980,2.5,2646980,266029,0.9,3.3,5.5,398800,1654892,1132948,521944,1336
Massachusetts,2021,2979634,2714448,2.48,2714448,265186,0.8,3.3,5.5,424700,1694407,1159423,534984,1429
Michigan,2012,4531958,3818931,2.53,3818931,713027,2.8,8.5,5.7,128600,2780213,1837373,942840,755
Michigan,2013,4532719,3823280,2.53,3823280,706031,2.4,7.8,5.7,121700,2757062,1785245,971817,768
Michigan,2014,4529311,3827880,2.52,3827880,704839,2.2,7,5.7,120200,2738012,1742132,995880,780
Michigan,2015,4544920,3841148,2.52,3841148,698690,2.2,6.2,5.7,122400,2728815,1707715,1021100,783
Michigan,2016,4539838,3860394,2.51,3860394,684526,1.9,5.7,5.7,127800,2732051,1687257,1044794,799
Michigan,2017,4580939,3888646,2.49,3888646,679554,1.8,5.5,5.8,136400,2760156,1683777,1076379,824
Michigan,2018,4568200,3909509,2.49,3909509,671430,1.6,5.2,5.8,146200,2777114,1681021,1096093,850
Michigan,2019,4596198,3935041,2.47,3935041,661157,1.5,5.1,5.8,154900,2802699,1684941,1117758,871
Michigan,2020,4611913,3980408,2.45,3980408,631505,1.3,5,5.8,162600,2855485,1702529,1152956,892
Michigan,2021,4566504,3976729,2.48,3976729,589775,1.1,4.8,5.8,172100,2870693,1710024,1160669,946
Minnesota,2012,2347928,2101875,2.46,2101875,246053,1.7,5.2,5.9,194300,1534719,1078695,456024,802
Minnesota,2013,2364149,2107232,2.47,2107232,246700,1.6,4.9,6,187900,1528272,1063566,464706,819
Minnesota,2014,2353932,2115337,2.48,2115337,248812,1.5,4.6,6,185200,1525201,1048966,476235,835
Minnesota,2015,2382855,2124745,2.49,2124745,249139,1.4,4.3,6,186200,1522618,1035021,487597,848
Minnesota,2016,2373884,2135310,2.49,2135310,247545,1.3,4,6,191500,1525611,1028263,497348,873
Minnesota,2017,2420473,2153202,2.49,2153202,251422,1.2,4.1,6,199700,1542041,1034750,507291,906
Minnesota,2018,2404624,2167801,2.49,2167801,252672,1,4.2,6,211800,1551290,1034568,516722,944
Minnesota,2019,2438203,2185603,2.49,2185603,252600,1,4.2,6,223900,1564870,1037895,526975,977
Minnesota,2020,2458030,2207988,2.48,2207988,250042,0.8,4.2,6.1,235700,1588611,1048465,540146,1010
Minnesota,2021,2470483,2229100,2.49,2229100,241383,0.7,4.7,6.1,250200,1610801,1056453,554348,1081
Mississippi,2012,1274277,1087791,2.64,1087791,186486,2.1,11.2,5.4,100200,760513,416412,344101,688
Mississippi,2013,1284794,1088073,2.65,1088073,189449,2,11.1,5.4,99900,755132,408914,346218,702
Mississippi,2014,1277522,1092627,2.64,1092627,192167,2,10.6,5.4,100800,752825,401820,351005,714
Mississippi,2015,1295242,1096593,2.64,1096593,193111,1.9,10,5.4,103100,749982,392241,357741,717
Mississippi,2016,1289704,1098803,2.63,1098803,196439,2,9.2,5.5,105700,746399,383533,362866,723
Mississippi,2017,1316108,1103514,2.62,1103514,204745,2,9.3,5.5,109300,751649,379891,371758,740
Mississippi,2018,1308259,1105576,2.62,1105576,210532,2,9.5,5.5,114500,754018,374676,379342,762
Mississippi,2019,1322808,1104394,2.62,1104394,218414,2.1,9.8,5.5,119000,752841,371622,381219,780
Mississippi,2020,1330867,1116649,2.59,1116649,214218,1.8,9.5,5.6,125500,767972,384096,383876,789
Mississippi,2021,1317375,1108670,2.6,1108670,208705,1.6,9.4,5.6,133000,764115,381330,382785,830
Missouri,2012,2710506,2358270,2.46,2358270,352236,2.5,7.9,5.6,138400,1626389,1071204,555185,712
Missouri,2013,2723417,2360131,2.47,2360131,353698,2.4,7.5,5.6,137000,1613941,1050826,563115,727
Missouri,2014,2713829,2361232,2.48,2361232,362185,2.3,7.3,5.6,136700,1604282,1032485,571797,740
Missouri,2015,2738774,2364688,2.48,2364688,365174,2.1,6.9,5.6,138400,1590020,1011490,578530,746
Missouri,2016,2729862,2372362,2.48,2372362,366412,2,6.7,5.6,141200,1584735,995731,589004,759
Missouri,2017,2775635,2386203,2.47,2386203,377047,1.9,6.7,5.6,145400,1597325,996867,600458,784
Missouri,2018,2763250,2396271,2.47,2396271,379364,1.8,6.7,5.6,151600,1601845,992529,609316,809
Missouri,2019,2790397,2414521,2.46,2414521,375876,1.7,6.3,5.6,157200,1611986,991434,620552,830
Missouri,2020,2804664,2440212,2.44,2440212,364452,1.4,5.9,5.6,163600,1637374,1001563,635811,843
Missouri,2021,2782081,2433819,2.46,2433819,348262,1.3,5.5,5.7,171800,1645433,1009323,636110,886
Montana,2012,481401,405508,2.37,405508,75893,1.9,6.5,5.4,183000,277816,161246,116570,667
Montana,2013,486782,405525,2.39,405525,77778,2.1,6.4,5.4,184200,276939,160212,116727,682
Montana,2014,483303,407797,2.4,407797,78985,2,6.3,5.4,187600,276201,158470,117731,696
Montana,2015,491439,409394,2.41,409394,79451,2.1,6.2,5.4,193500,275063,156665,118398,711
Montana,2016,488845,412653,2.41,412653,78786,1.8,6,5.4,199700,277307,157423,119884,732
Montana,2017,505685,419975,2.38,419975,81124,1.7,5.9,5.4,209100,284168,161799,122369,751
Montana,2018,501099,423240,2.39,423240,82445,1.4,6.3,5.4,219600,286553,162315,124238,783
Montana,2019,510180,427871,2.39,427871,82309,1.4,6.4,5.5,230600,291471,165378,126093,810
Montana,2020,514956,436048,2.37,436048,78908,1.3,6.2,5.5,244900,298728,167177,131551,836
Montana,2021,512553,436481,2.41,436481,76072,1.2,6.3,5.6,263700,301421,167834,133587,886
Nebraska,2012,797210,721026,2.46,721026,76184,1.8,6.8,5.9,126700,487740,311479,176261,687
Nebraska,2013,805256,725787,2.47,725787,74490,1.7,6.2,5.9,128000,486533,308286,178247,706
Nebraska,2014,800277,731347,2.47,731347,73909,1.6,5.8,5.9,130100,486036,304555,181481,721
Nebraska,2015,815006,736613,2.47,736613,73198,1.4,5.7,5.9,133200,487948,304200,183748,726
Nebraska,2016,809811,741581,2.47,741581,73425,1.2,5.4,6,137300,489806,302434,187372,745
Nebraska,2017,830749,748405,2.46,748405,75771,1.1,5.5,6,142400,494189,302989,191200,773
Nebraska,2018,824176,754063,2.46,754063,76686,1.1,5.5,6,147800,498567,303343,195224,805
Nebraska,2019,837476,759176,2.45,759176,78300,1,5.6,6,155800,501679,303569,198110,833
Nebraska,2020,844248,766663,2.44,766663,77585,0.9,5.4,6,164000,507291,301107,206184,857
Nebraska,2021,840802,766887,2.48,766887,73915,0.8,5.5,6.1,174100,511993,304925,207068,909
Nevada,2012,1171300,992896,2.69,992896,178404,4.1,11.2,5.3,190900,574281,431541,142740,1001
Nevada,2013,1185232,999016,2.7,999016,178735,3.3,10.9,5.2,169100,566921,417549,149372,986
Nevada,2014,1177751,1005958,2.71,1005958,179274,2.9,10.2,5.2,167100,559911,403128,156783,980
Nevada,2015,1200517,1016709,2.72,1016709,175374,2.5,9.7,5.2,173700,559793,393847,165946,973
Nevada,2016,1192083,1030701,2.72,1030701,169816,2.2,9.1,5.2,191600,564787,391607,173180,984
Nevada,2017,1235096,1052249,2.71,1052249,168173,2.2,8.4,5.2,216400,582614,401119,181495,1017
Nevada,2018,1220422,1075930,2.68,1075930,159166,2.1,8,5.2,242400,600520,409424,191096,1060
Nevada,2019,1250893,1098602,2.67,1098602,152291,2,7.9,5.2,267900,618605,420431,198174,1107
Nevada,2020,1268533,1130011,2.65,1130011,138522,1.7,7.2,5.2,290200,644864,435158,209706,1159
Nevada,2021,1269846,1141952,2.65,1141952,127894,1.4,6.9,5.2,315900,659671,445071,214600,1238
New Hampshire,2012,613995,516845,2.47,516845,97150,1.6,5.6,5.6,245600,372021,261039,110982,972
New Hampshire,2013,617286,518245,2.47,518245,96959,1.5,5.4,5.5,239900,370173,256665,113508,987
New Hampshire,2014,615204,519580,2.46,519580,97706,1.4,4.9,5.5,237400,369160,253557,115603,1001
New Hampshire,2015,620729,520251,2.47,520251,98699,1.4,4.6,5.6,237300,369175,251384,117791,1000
New Hampshire,2016,618950,521373,2.47,521373,99356,1.4,4.5,5.6,239700,368553,248447,120106,1021
New Hampshire,2017,630955,526710,2.45,526710,100909,1.3,4.3,5.6,244900,372304,249098,123206,1052
New Hampshire,2018,627619,528078,2.46,528078,102877,1.3,4.2,5.6,252800,374758,248258,126500,1077
New Hampshire,2019,634726,532037,2.46,532037,102689,1.2,3.9,5.6,261700,378178,248689,129489,1111
New Hampshire,2020,638611,539116,2.44,539116,99495,0.9,4,5.6,272300,383839,249600,134239,1145
New Hampshire,2021,636480,540498,2.46,540498,95982,0.7,3.9,5.6,288700,387149,249294,137855,1212
New Jersey,2012,3555864,3186878,2.7,3186878,368986,1.8,6.9,5.7,337900,2108166,1492392,615774,1154
New Jersey,2013,3572138,3186418,2.71,3186418,376712,1.8,6.7,5.7,327100,2091065,1470762,620303,1172
New Jersey,2014,3563130,3188498,2.72,3188498,383640,1.7,6.5,5.7,319900,2073915,1448250,625665,1188
New Jersey,2015,3586442,3189486,2.73,3189486,388456,1.7,6.1,5.7,315900,2056107,1422273,633834,1192
New Jersey,2016,3577942,3195014,2.73,3195014,391428,1.7,5.7,5.7,316400,2047794,1405016,642778,1213
New Jersey,2017,3605401,3199111,2.74,3199111,395944,1.7,5.5,5.7,321100,2052073,1394121,657952,1249
New Jersey,2018,3595055,3213362,2.71,3213362,392039,1.7,5.2,5.7,327900,2054413,1383992,670421,1295
New Jersey,2019,3616614,3231874,2.69,3231874,384740,1.6,4.8,5.7,335600,2064240,1377910,686330,1334
New Jersey,2020,3628732,3272054,2.66,3272054,356678,1.4,4.4,5.7,343500,2094427,1382654,711773,1368
New Jersey,2021,3738342,3397156,2.66,3397156,341186,1.2,4.1,5.7,355700,2168148,1422068,746080,1436
New Mexico,2012,900504,763844,2.63,763844,136660,2.1,7.9,5.3,161500,526495,316246,210249,736
New Mexico,2013,907233,761938,2.66,761938,140364,2.3,8.2,5.3,160000,523344,310420,212924,758
New Mexico,2014,902302,764684,2.66,764684,142549,2.3,8,5.3,159300,521278,305078,216200,774
New Mexico,2015,912445,763603,2.67,763603,145962,2.3,8.3,5.3,160300,519676,298747,220929,777
New Mexico,2016,909565,762551,2.67,762551,149894,2.5,8.8,5.3,161600,516819,292010,224809,792
New Mexico,2017,932818,770435,2.65,770435,157355,2.4,8.9,5.3,163900,522930,290369,232561,809
New Mexico,2018,927790,775651,2.64,775651,157167,2.3,8.7,5.3,166800,524242,287148,237094,828
New Mexico,2019,937920,780249,2.63,780249,157671,2.2,8.6,5.3,171400,527896,286092,241804,844
New Mexico,2020,943568,792755,2.59,792755,150813,1.8,8.3,5.3,175700,539082,287838,251244,857
New Mexico,2021,937397,797596,2.59,797596,139801,1.5,7.3,5.3,184800,543834,288555,255279,897
New York,2012,8102223,7230896,2.6,7230896,871327,1.8,4.6,5.1,295300,3940688,2556883,1383805,1061
New York,2013,8153309,7234743,2.61,7234743,878527,1.8,4.5,5,288200,3923505,2522304,1401201,1088
New York,2014,8113270,7255528,2.62,7255528,897781,1.8,4.4,5,283700,3906991,2490817,1416174,1117
New York,2015,8191568,7262279,2.63,7262279,909446,1.8,4.3,5,283400,3894722,2462215,1432507,1132
New York,2016,8171725,7266187,2.63,7266187,925381,1.7,4.3,5,286300,3894613,2439349,1455264,1159
New York,2017,8287087,7302710,2.63,7302710,953201,1.7,4.3,5,293000,3942483,2439523,1502960,1194
New York,2018,8255911,7316537,2.6,7316537,970550,1.7,4.3,5,302200,3943356,2418813,1524543,1240
New York,2019,8322722,7343234,2.59,7343234,979488,1.7,4.2,5,313700,3957802,2406639,1551163,1280
New York,2020,8362971,7417224,2.55,7417224,945747,1.5,4,5,325000,4014516,2405113,1609403,1315
New York,2021,8449178,7530150,2.6,7530150,919028,1.3,4,5,340600,4095636,2439126,1656510,1390
North Carolina,2012,4325088,3693221,2.51,3693221,631867,2.6,9.1,5.5,153600,2477360,1667158,810202,759
North Carolina,2013,4385668,3715565,2.53,3715565,633458,2.5,8.7,5.5,153600,2466388,1645120,821268,776
North Carolina,2014,4349023,3742514,2.54,3742514,643154,2.4,8.2,5.5,153600,2461741,1627256,834485,790
North Carolina,2015,4453767,3775581,2.54,3775581,641629,2.3,7.6,5.5,154900,2459072,1609259,849813,797
North Carolina,2016,4417210,3815392,2.54,3815392,638375,2.1,7.2,5.5,157100,2471723,1599623,872100,816
North Carolina,2017,4573066,3874346,2.53,3874346,647351,2,7.1,5.5,161000,2517896,1615086,902810,844
North Carolina,2018,4521697,3918597,2.52,3918597,654469,1.9,7,5.5,165900,2548705,1617213,931492,877
North Carolina,2019,4627089,3965482,2.52,3965482,661607,1.8,6.8,5.5,172500,2585934,1633699,952235,907
North Carolina,2020,4687122,4031592,2.51,4031592,655530,1.5,6.8,5.5,182100,2649849,1656220,993629,932
North Carolina,2021,4673933,4034684,2.5,4034684,639249,1.5,6.6,5.5,197500,2660519,1661183,999336,988
North Dakota,2012,319468,282667,2.3,282667,36801,1.4,5.9,5.6,123900,187567,102565,85002,610
North Dakota,2013,332010,287270,2.31,287270,37442,1.4,5.9,5.6,132400,189805,103450,86355,645
North Dakota,2014,324712,292616,2.32,292616,39394,1.3,5.7,5.6,142000,190620,102395,88225,676
North Dakota,2015,350134,299638,2.32,299638,41424,1.4,5.9,5.6,153800,192185,102525,89660,709
North Dakota,2016,341062,305163,2.33,305163,44971,1.4,7,5.6,164000,193909,102847,91062,736
North Dakota,2017,367684,311525,2.31,311525,49135,1.5,8.5,5.6,174100,197083,104743,92340,775
North Dakota,2018,360660,314903,2.31,314903,52781,1.5,9.4,5.6,185000,197347,104979,92368,806
North Dakota,2019,373063,318322,2.3,318322,54741,1.8,9.6,5.6,193900,198482,106235,92247,826
North Dakota,2020,376597,320873,2.29,320873,55724,1.8,9.8,5.6,199900,200671,106683,93988,828
North Dakota,2021,370111,316542,2.37,316542,53569,1.7,10.1,5.7,209900,199325,105467,93858,853
Ohio,2012,5124503,4555709,2.46,4555709,568794,2.3,8.5,5.9,133700,3098283,2099448,998835,710
Ohio,2013,5135173,4557655,2.47,4557655,566566,2.2,7.8,5.9,130800,3074792,2057622,1017170,718
Ohio,2014,5124221,4570015,2.46,4570015,565158,2,7.2,5.8,129600,3056206,2018234,1037972,729
Ohio,2015,5146944,4585084,2.46,4585084,555818,1.9,6.5,5.9,129900,3040444,1983338,1057106,730
Ohio,2016,5140902,4601449,2.45,4601449,545495,1.8,6,5.9,131900,3035485,1954752,1080733,743
Ohio,2017,5188270,4633145,2.44,4633145,541693,1.7,5.8,5.9,135100,3060473,1951757,1108716,764
Ohio,2018,5174838,4654075,2.43,4654075,534195,1.6,5.6,5.9,140000,3071227,1944435,1126792,788
Ohio,2019,5202304,4676358,2.43,4676358,525946,1.4,5.3,5.9,145700,3089046,1944132,1144914,808
Ohio,2020,5217090,4717226,2.41,4717226,499864,1.3,5.1,5.9,151400,3128172,1951579,1176593,825
Ohio,2021,5232733,4754161,2.41,4754161,478572,1.1,4.8,5.9,159900,3165935,1971600,1194335,870
Oklahoma,2012,1664404,1439292,2.53,1439292,225112,2.3,8.3,5.4,110800,971017,578101,392916,679
Oklahoma,2013,1680457,1444081,2.55,1444081,225747,2.3,8.2,5.4,112800,968736,569607,399129,699
Oklahoma,2014,1669828,1450117,2.56,1450117,230340,2.3,8.1,5.4,115000,964573,560588,403985,717
Oklahoma,2015,1699462,1455321,2.57,1455321,234106,2.2,8.1,5.4,117900,961384,550249,411135,727
Oklahoma,2016,1689427,1461500,2.58,1461500,237962,2.1,8,5.4,121300,960161,543373,416788,742
Oklahoma,2017,1723230,1468971,2.58,1468971,243870,2.1,8.1,5.4,125800,964466,540790,423676,766
Oklahoma,2018,1712841,1474620,2.58,1474620,248610,2,8.2,5.4,130900,967038,534586,432452,793
Oklahoma,2019,1731632,1480061,2.58,1480061,251571,2,8.2,5.4,136800,971122,533581,437541,810
Oklahoma,2020,1740972,1493569,2.57,1493569,247403,1.8,8.1,5.5,142400,986555,537801,448754,818
Oklahoma,2021,1741721,1503868,2.56,1503868,237853,1.6,7.9,5.5,150800,993391,541578,451813,862
Oregon,2012,1673593,1512718,2.48,1512718,160875,2.2,5.3,5.4,246100,945824,657441,288383,854
Oregon,2013,1685814,1516456,2.49,1516456,160907,2,5.1,5.4,238000,940143,647855,292288,875
Oregon,2014,1677363,1522988,2.5,1522988,162826,1.9,4.6,5.4,234100,936806,639109,297697,894
Oregon,2015,1706290,1533430,2.51,1533430,161753,1.7,4.2,5.4,237300,939637,634236,305401,907
Oregon,2016,1695183,1545745,2.52,1545745,160545,1.6,3.8,5.4,247200,948587,635541,313046,941
Oregon,2017,1750539,1571631,2.5,1571631,161410,1.5,3.7,5.4,265700,969453,647688,321765,988
Oregon,2018,1733041,1591835,2.51,1591835,158704,1.4,3.7,5.4,287300,985523,652774,332749,1050
Oregon,2019,1768901,1611982,2.51,1611982,156919,1.4,3.7,5.4,312200,1005896,665581,340315,1110
Oregon,2020,1788855,1642579,2.49,1642579,146276,1.1,3.6,5.4,336700,1031006,681091,349915,1173
Oregon,2021,1798864,1658091,2.49,1658091,140773,0.9,3.6,5.4,362200,1047165,692232,354933,1250
Pennsylvania,2012,5563832,4959633,2.47,4959633,604199,1.8,6.3,6,164900,3478602,2186501,1292101,794
Pennsylvania,2013,5578393,4958427,2.48,4958427,607226,1.8,6.1,6,164700,3462512,2161939,1300573,813
Pennsylvania,2014,5565653,4957736,2.49,4957736,620657,1.7,6,6,164900,3446230,2131805,1314425,832
Pennsylvania,2015,5592175,4958859,2.49,4958859,626752,1.8,5.9,6,166000,3431790,2109447,1322343,840
Pennsylvania,2016,5585611,4961929,2.49,4961929,630246,1.7,5.8,6,167700,3425706,2090142,1335564,859
Pennsylvania,2017,5673599,5007442,2.47,5007442,646157,1.7,5.9,6,170500,3456360,2097646,1358714,885
Pennsylvania,2018,5653599,5025132,2.46,5025132,648467,1.6,5.8,6,174100,3467467,2094765,1372702,915
Pennsylvania,2019,5693314,5053106,2.45,5053106,640208,1.6,5.4,6,180200,3480978,2092266,1388712,938
Pennsylvania,2020,5713345,5106601,2.42,5106601,606744,1.4,5.1,6,187500,3522269,2111469,1410800,958
Pennsylvania,2021,5728788,5147783,2.44,5147783,581005,1.2,5.1,6,197300,3560917,2125116,1435801,1013
Puerto Rico,2012,1496930,,,1217584,279346,3,7.4,4.7,121500,861531,340166,521365,449
Puerto Rico,2013,1553611,,,1230868,294009,3.2,7.6,4.7,121200,862880,343122,519758,454
Puerto Rico,2014,1524877,,,1241454,312157,3.6,8.2,4.7,121700,862198,347323,514875,462
Puerto Rico,2015,1571744,,,1244202,326435,3.7,8.6,4.8,120500,857710,347550,510160,456
Puerto Rico,2016,1570637,,,1237180,334564,3.7,8.4,4.8,118600,848735,344404,504331,460
Puerto Rico,2017,1563159,,,1222606,344694,3.7,8.5,4.8,115300,837529,333832,503697,464
Puerto Rico,2018,1567300,,,1205075,358084,3.6,8.3,4.8,113500,820405,323088,497317,474
Puerto Rico,2019,1560836,,,1192654,368182,3.3,7.8,4.8,111500,812625,316400,496225,478
Puerto Rico,2020,1559976,,,1205749,354227,2.9,6.9,4.8,111200,817399,315169,502230,486
Puerto Rico,2021,1553791,,,1196790,357001,2.5,6.5,4.7,111800,814154,308987,505167,505
Rhode Island,2012,462603,410639,2.46,410639,51964,2,6.7,5.3,259400,251217,180572,70645,908
Rhode Island,2013,462930,410058,2.46,410058,52458,1.9,6.8,5.3,247400,250814,178621,72193,918
Rhode Island,2014,462516,409569,2.47,409569,53361,1.9,6.7,5.3,241200,246829,174730,72099,923
Rhode Island,2015,462657,410602,2.46,410602,52298,1.9,6.2,5.3,238000,246909,173441,73468,925
Rhode Island,2016,462900,410240,2.47,410240,52417,1.8,5.8,5.3,238200,244748,170131,74617,938
Rhode Island,2017,467412,412028,2.46,412028,54642,1.8,5.8,5.3,242200,247291,171315,75976,957
Rhode Island,2018,466670,410885,2.47,410885,56527,1.8,5.7,5.3,249800,247565,170955,76610,981
Rhode Island,2019,468335,410489,2.47,410489,57846,1.7,5.7,5.3,261900,249492,170625,78867,1004
Rhode Island,2020,469289,414730,2.45,414730,54559,1.4,5.1,5.3,276600,255450,173461,81989,1031
Rhode Island,2021,481168,426769,2.46,426769,54399,1.2,5.1,5.4,292600,265851,181027,84824,1097
South Carolina,2012,2134456,1768255,2.54,1768255,366201,2.8,12.7,5.5,137400,1228200,769621,458579,749
South Carolina,2013,2160383,1780251,2.55,1780251,363213,2.6,12.2,5.5,137400,1230181,762505,467676,768
South Carolina,2014,2143464,1795715,2.56,1795715,364668,2.5,11.7,5.5,137600,1232154,750996,481158,784
South Carolina,2015,2192041,1815094,2.56,1815094,359225,2.3,10.8,5.5,139900,1244998,748894,496104,790
South Carolina,2016,2174319,1839041,2.55,1839041,353000,2.1,10.2,5.6,143600,1258661,748501,510160,811
South Carolina,2017,2256951,1871307,2.54,1871307,358017,1.9,9.4,5.6,148600,1284532,754127,530405,836
South Carolina,2018,2229324,1894711,2.54,1894711,362240,1.8,9.4,5.6,154800,1305349,762745,542604,868
South Carolina,2019,2286826,1921862,2.54,1921862,364964,1.8,9.2,5.6,162300,1333839,777469,556370,894
South Carolina,2020,2319112,1961481,2.53,1961481,357631,1.5,8.8,5.7,170100,1375391,793701,581690,918
South Carolina,2021,2325248,1976447,2.51,1976447,348801,1.4,8.7,5.7,181800,1390017,806059,583958,970
South Dakota,2012,363793,320467,2.44,320467,43326,1.8,6.3,5.8,129800,219882,129485,90397,617
South Dakota,2013,369186,323136,2.45,323136,42558,1.8,6,5.8,132400,219872,128399,91473,632
South Dakota,2014,365694,327101,2.45,327101,42085,1.7,5.9,5.8,135700,222589,128229,94360,648
South Dakota,2015,375866,330858,2.45,330858,41470,1.6,5.5,5.8,140500,225219,128237,96982,655
South Dakota,2016,372328,333536,2.45,333536,42330,1.5,5.2,5.8,146700,226145,127191,98954,676
South Dakota,2017,387637,339458,2.42,339458,43454,1.3,5.4,5.8,152700,230657,128783,101874,696
South Dakota,2018,382912,341565,2.43,341565,46072,1.3,6.1,5.8,159100,232636,128765,103871,722
South Dakota,2019,392215,344397,2.43,344397,47818,1.2,6.7,5.8,167100,233607,129836,103771,747
South Dakota,2020,396817,347878,2.43,347878,48939,1.2,6.8,5.8,174600,236495,130179,106316,761
South Dakota,2021,391857,345779,2.46,345779,46078,1,6.5,5.9,187800,236677,129892,106785,809
Tennessee,2012,2811854,2468841,2.51,2468841,343013,2.4,9.3,5.6,138700,1687700,1062395,625305,726
Tennessee,2013,2839142,2475195,2.52,2475195,346602,2.3,8.9,5.6,139200,1677205,1046360,630845,742
Tennessee,2014,2821797,2487349,2.53,2487349,351793,2.2,8.2,5.6,139900,1669953,1028691,641262,757
Tennessee,2015,2873478,2504556,2.53,2504556,349986,2,7.6,5.6,142100,1672329,1020828,651501,764
Tennessee,2016,2854542,2522204,2.54,2522204,351274,2,7.2,5.6,146000,1673043,1011470,661573,782
Tennessee,2017,2930530,2547194,2.53,2547194,356005,1.8,7,5.6,151700,1688565,1010943,677622,808
Tennessee,2018,2903199,2567061,2.53,2567061,363469,1.7,7,5.6,158600,1701159,1012457,688702,841
Tennessee,2019,2963486,2597292,2.52,2597292,366194,1.6,7.1,5.6,167200,1722247,1019481,702766,869
Tennessee,2020,2996127,2639455,2.51,2639455,356672,1.4,6.8,5.7,177600,1756534,1036398,720136,897
Tennessee,2021,3011124,2664791,2.52,2664791,346333,1.2,6.7,5.7,193700,1783274,1050699,732575,951
Texas,2012,9978137,8782598,2.8,8782598,1195539,2.1,9.6,5.3,128000,5609007,3504586,2104421,834
Texas,2013,10187189,8886471,2.82,8886471,1184232,2,9.2,5.3,128900,5623552,3460178,2163374,851
Texas,2014,10070703,9013582,2.83,9013582,1173607,1.8,8.5,5.3,131400,5652542,3423338,2229204,870
Texas,2015,10441643,9149196,2.84,9149196,1156411,1.7,7.8,5.3,136000,5693770,3396286,2297484,882
Texas,2016,10305607,9289554,2.84,9289554,1152089,1.6,7.6,5.3,142700,5747458,3389912,2357546,911
Texas,2017,10769900,9430419,2.84,9430419,1180967,1.6,7.6,5.4,151500,5851046,3412335,2438711,952
Texas,2018,10611386,9553046,2.86,9553046,1216854,1.6,7.7,5.4,161700,5917771,3421912,2495859,998
Texas,2019,10937026,9691647,2.85,9691647,1245379,1.6,7.8,5.4,172500,6004802,3447105,2557697,1045
Texas,2020,11112975,9906070,2.83,9906070,1206905,1.4,7.8,5.4,187200,6168808,3503079,2665729,1082
Texas,2021,11433880,10239341,2.76,10239341,1194539,1.3,7.6,5.4,202600,6391061,3640097,2750964,1146
Utah,2012,979848,880873,3.09,880873,98975,1.9,5.8,6.3,217800,620475,456936,163539,839
Utah,2013,999734,886770,3.12,886770,101801,1.8,5.9,6.3,212800,621854,454585,167269,856
Utah,2014,988571,896194,3.14,896194,103540,1.8,5.7,6.3,212500,624605,452434,172171,875
Utah,2015,1024047,906292,3.15,906292,104807,1.6,5.3,6.3,215900,629584,451582,178002,887
Utah,2016,1011099,918367,3.16,918367,105680,1.5,5.6,6.3,224600,638767,455232,183535,912
Utah,2017,1066131,938365,3.14,938365,108232,1.4,5.6,6.4,238300,653429,462984,190445,948
Utah,2018,1046597,957619,3.13,957619,108512,1.3,5.6,6.4,256700,668985,472593,196392,988
Utah,2019,1087112,977313,3.12,977313,109799,1.1,6,6.4,279100,685699,483747,201952,1037
Utah,2020,1110369,1003345,3.09,1003345,107024,0.9,5.9,6.4,305400,707663,496265,211398,1090
Utah,2021,1133558,1033651,3.08,1033651,99907,0.7,5.7,6.4,339700,729074,511505,217569,1171
Vermont,2012,322243,256830,2.34,256830,65413,1.8,5.8,5.6,215800,182744,122413,60331,864
Vermont,2013,324332,257004,2.34,257004,65911,1.8,5.6,5.6,216800,182537,120485,62052,875
Vermont,2014,322915,257252,2.34,257252,67080,1.8,4.9,5.6,216200,182417,118560,63857,889
Vermont,2015,326812,257167,2.34,257167,68007,2,4.3,5.6,217500,182584,117218,65366,895
Vermont,2016,325174,257107,2.34,257107,69705,1.8,4.2,5.6,218900,181461,115802,65659,913
Vermont,2017,333013,258535,2.32,258535,72571,1.7,4.1,5.5,220600,182321,115058,67263,945
Vermont,2018,331106,259589,2.31,259589,73424,1.7,4.1,5.6,223700,183570,115541,68029,972
Vermont,2019,334999,260029,2.3,260029,74970,1.7,4.2,5.6,227700,183999,115275,68724,985
Vermont,2020,337214,262852,2.28,262852,74362,1.5,4,5.6,230900,187374,116839,70535,999
Vermont,2021,333519,262514,2.35,262514,71005,1.2,3.8,5.6,240600,189152,116172,72980,1070
Virginia,2012,3365855,3006219,2.59,3006219,359636,2,6.8,6,249700,2038207,1469882,568325,1060
Virginia,2013,3403241,3022739,2.6,3022739,358593,1.8,6.7,6,244600,2033102,1458793,574309,1087
Virginia,2014,3381332,3041710,2.61,3041710,361531,1.8,6.4,6,243500,2028244,1442795,585449,1108
Virginia,2015,3445357,3062783,2.62,3062783,360508,1.7,6.1,6,245000,2027005,1431436,595569,1116
Virginia,2016,3423291,3090178,2.61,3090178,355179,1.6,5.7,6,248400,2032761,1426042,606719,1135
Virginia,2017,3491091,3105636,2.62,3105636,361285,1.6,5.8,6,255800,2055073,1430806,624267,1166
Virginia,2018,3466921,3128415,2.61,3128415,362676,1.6,5.6,6,264900,2070879,1430890,639989,1202
Virginia,2019,3514032,3151045,2.61,3151045,362987,1.5,5.4,6,273100,2087711,1433704,654007,1234
Virginia,2020,3537788,3184121,2.6,3184121,353667,1.3,5.4,6,282800,2123771,1448673,675098,1257
Virginia,2021,3596100,3248528,2.57,3248528,347572,1.2,5.2,6,295500,2164967,1477713,687254,1326
Washington,2012,2884186,2619995,2.52,2619995,264191,2.1,5.4,5.5,272900,1671388,1206604,464784,951
Washington,2013,2921364,2629126,2.54,2629126,270412,2,5.3,5.5,262100,1661427,1186017,475410,973
Washington,2014,2899538,2645396,2.55,2645396,275968,1.9,5,5.5,257200,1658540,1172992,485548,995
Washington,2015,2966814,2668912,2.56,2668912,273215,1.7,4.6,5.5,259500,1668071,1167488,500583,1014
Washington,2016,2942127,2696606,2.57,2696606,270208,1.6,4.1,5.5,269300,1683381,1168842,514539,1056
Washington,2017,3064381,2755697,2.55,2755697,269819,1.4,3.8,5.5,286800,1726899,1193385,533514,1120
Washington,2018,3025516,2800423,2.55,2800423,263958,1.3,3.7,5.5,311700,1756552,1207408,549144,1194
Washington,2019,3106528,2848396,2.55,2848396,258132,1.2,3.6,5.5,339000,1793239,1227595,565644,1258
Washington,2020,3150194,2905822,2.53,2905822,244372,0.9,3.7,5.5,366800,1838059,1253968,584091,1337
Washington,2021,3170695,2931841,2.55,2931841,238854,0.8,3.9,5.5,397600,1864897,1266019,598878,1439
West Virginia,2012,882240,742674,2.43,742674,139566,2.1,7.8,5.7,97300,547370,273072,274298,594
West Virginia,2013,883197,741390,2.43,741390,139561,2,7.8,5.7,98500,544059,267521,276538,611
West Virginia,2014,880951,742359,2.43,742359,140838,2,7.8,5.7,100200,541607,263042,278565,630
West Virginia,2015,884728,740890,2.43,740890,143094,1.9,7.6,5.7,103800,537266,258101,279165,643
West Virginia,2016,883984,739397,2.43,739397,145331,1.8,7.5,5.7,107400,535940,255046,280894,658
West Virginia,2017,890715,737671,2.42,737671,151606,1.9,7.7,5.7,111600,536655,253124,283531,681
West Virginia,2018,889277,734676,2.42,734676,156039,1.9,7.7,5.7,115000,535880,250005,285875,711
West Virginia,2019,892182,732585,2.42,732585,159597,1.9,7.3,5.7,119600,536153,249865,286288,725
West Virginia,2020,893615,734235,2.4,734235,159380,1.9,7.3,5.8,123200,540786,252809,287977,732
West Virginia,2021,859437,711352,2.47,711352,148085,1.7,7.1,5.8,128800,525945,245665,280280,770
Wisconsin,2012,2620401,2286339,2.42,2286339,334062,1.9,5.6,5.5,169000,1568375,1062565,505810,749
Wisconsin,2013,2635602,2288332,2.43,2288332,337810,1.9,5.5,5.5,167100,1558846,1043962,514884,759
Wisconsin,2014,2626142,2293250,2.43,2293250,342352,1.9,5.2,5.5,165900,1551769,1029506,522263,772
Wisconsin,2015,2649597,2299107,2.43,2299107,342520,1.8,4.9,5.5,165800,1547197,1016234,530963,776
Wisconsin,2016,2641627,2310246,2.43,2310246,339351,1.7,4.9,5.5,167000,1547633,1007824,539809,789
Wisconsin,2017,2681232,2328754,2.41,2328754,339938,1.5,4.8,5.5,169300,1559308,1009752,549556,813
Wisconsin,2018,2668692,2343129,2.4,2343129,338103,1.4,4.9,5.6,173600,1568040,1008935,559105,837
Wisconsin,2019,2694527,2358156,2.39,2358156,336371,1.2,4.9,5.6,180600,1580939,1010421,570518,856
Wisconsin,2020,2709444,2377935,2.38,2377935,331509,1,4.9,5.6,189200,1596500,1011350,585150,872
Wisconsin,2021,2718369,2401818,2.39,2401818,316551,0.9,4.9,5.6,200400,1619704,1019357,600347,916
Wyoming,2012,261430,221479,2.48,221479,39951,1.7,7.9,5.6,184400,155659,94301,61358,733
Wyoming,2013,265195,222846,2.5,222846,40194,1.7,8,5.6,185900,156202,93495,62707,764
Wyoming,2014,263040,225514,2.49,225514,39681,1.6,7.7,5.6,189300,156289,92688,63601,778
Wyoming,2015,267987,226865,2.49,226865,39765,1.6,8.3,5.6,194800,156675,92545,64130,789
Wyoming,2016,266630,226985,2.51,226985,41002,1.6,8.6,5.7,199900,155741,90072,65669,802
Wyoming,2017,274985,230237,2.47,230237,42851,1.7,10.1,5.7,204900,159336,92471,66865,828
Wyoming,2018,273088,230630,2.46,230630,44355,1.7,11.1,5.7,213300,160121,93013,67108,843
Wyoming,2019,276846,230101,2.46,230101,46745,1.7,12.4,5.7,220500,161972,94372,67600,855
Wyoming,2020,278495,233231,2.43,233231,45264,1.6,11.4,5.8,228000,165530,96209,69321,853
Wyoming,2021,271818,230653,2.44,230653,41165,1.3,10.8,5.8,237900,165359,96903,68456,878